player_name,round_number,season,playoffownership,topownership,eliteownership,topdiff,elitediff
A.J. Brown,2.1,2021,0.0431712962962963,0.0221763795771016,0.012422360248447204,-0.0209949167191947,-0.030748936047849094
A.J. Green,14.4,2021,0.10185185185185185,0.11526560082516761,0.13664596273291926,0.013413748973315764,0.03479411088106742
AJ Dillon,9.3,2021,0.09301697530864197,0.07993811242908716,0.08074534161490683,-0.013078862879554815,-0.012271633693735143
Aaron Jones,1.4,2021,0.08954475308641975,0.0997937080969572,0.09937888198757763,0.01024895501053745,0.009834128901157882
Aaron Rodgers,8.3,2021,0.10189043209876543,0.10185662712738525,0.10144927536231885,-3.380497138018301e-5,-4.411567364465824e-4
Adam Humphries,17.5,2021,0.011304012345679012,0.011603919546157814,0.014492753623188406,2.9990720047880226e-4,0.003188741277509394
Adam Thielen,4.5,2021,0.10061728395061728,0.0892212480660134,0.06832298136645963,-0.011396035884603875,-0.03229430258415765
Adam Trautman,13.3,2021,0.06500771604938271,0.05827746260959257,0.047619047619047616,-0.00673025343979014,-0.017388668430335097
Adrian Peterson,17.8,2021,1.5432098765432098e-4,NA,NA,NA,NA
Albert Okwuegbunam,18,2021,1.5432098765432098e-4,5.157297576070139e-4,0.002070393374741201,3.61408769952693e-4,0.00191607238708688
Albert Wilson,17.7,2021,0.0022376543209876544,0.0023207839092315627,NA,8.312958824390837e-5,NA
Alex Collins,17.5,2021,0.0010802469135802468,0.0015471892728210418,0.004140786749482402,4.66942359240795e-4,0.003060539835902155
Alexander Mattison,12.9,2021,0.09830246913580247,0.10417741103661682,0.08902691511387163,0.005874941900814348,-0.009275554021930837
Allen Lazard,16.8,2021,0.07611882716049383,0.06962351727694688,0.07039337474120083,-0.006495309883546949,-0.005725452419292995
Allen Robinson,3,2021,0.03811728395061728,0.02037132542547705,0.014492753623188406,-0.017745958525140233,-0.023624530327428873
Alvin Kamara,1,2021,0.07627314814814815,0.05466735430634347,0.033126293995859216,-0.021605793841804673,-0.04314685415228893
Amari Cooper,3.1,2021,0.07554012345679012,0.06601340897369778,0.051759834368530024,-0.009526714483092336,-0.023780289088260097
Amari Rodgers,16.4,2021,0.03942901234567901,0.03558535327488396,0.028985507246376812,-0.0038436590707950496,-0.0104435050993022
Amon-Ra St. Brown,14.5,2021,0.0878858024691358,0.08071170706549768,0.08695652173913043,-0.007174095403638114,-9.292807300053663e-4
Andy Dalton,17.8,2021,1.9290123456790122e-4,2.5786487880350697e-4,NA,6.496364423560575e-5,NA
Andy Isabella,17.8,2021,1.9290123456790122e-4,NA,NA,NA,NA
Anthony Firkser,14.7,2021,0.0669753086419753,0.05673027333677153,0.045548654244306416,-0.010245035305203772,-0.021426654397668887
Anthony McFarland,17.1,2021,6.172839506172839e-4,2.5786487880350697e-4,NA,-3.5941907181377697e-4,NA
Anthony Miller,17.5,2021,0.012924382716049383,0.009025270758122744,0.012422360248447204,-0.0038991119579266393,-5.020224676021787e-4
Anthony Schwartz,17.8,2021,0.0013503086419753086,0.0010314595152140279,0.002070393374741201,-3.188491267612807e-4,7.200847327658924e-4
Antoine Wesley,18,2021,3.8580246913580246e-5,NA,NA,NA,NA
Antonio Brown,7.2,2021,0.09452160493827161,0.10907684373388345,0.12422360248447205,0.014555238795611838,0.02970199754620044
Antonio Callaway,17.5,2021,7.716049382716049e-5,2.5786487880350697e-4,NA,1.807043849763465e-4,NA
Antonio Gandy-Golden,17,2021,3.8580246913580246e-5,NA,NA,NA,NA
Antonio Gibson,2,2021,0.07341820987654321,0.06446621970087674,0.039337474120082816,-0.008951990175666474,-0.034080735756460395
Auden Tate,17.9,2021,0.0010802469135802468,NA,NA,NA,NA
Austin Ekeler,1.4,2021,0.1470679012345679,0.21609076843733885,0.2774327122153209,0.06902286720277095,0.130364810980753
Austin Hooper,15.6,2021,0.0841820987654321,0.08561113976276431,0.09730848861283643,0.0014290409973322094,0.01312638984740433
Austin Watkins,18,2021,3.8580246913580246e-5,NA,NA,NA,NA
Baker Mayfield,13.4,2021,0.0699074074074074,0.060856111397627644,0.047619047619047616,-0.00905129600977976,-0.022288359788359788
Ben Roethlisberger,15.6,2021,0.07862654320987654,0.06472408457968025,0.06832298136645963,-0.01390245863019629,-0.010303561843416909
Benny Snell,17.7,2021,4.243827160493827e-4,7.735946364105209e-4,NA,3.492119203611382e-4,NA
Blake Jarwin,15.3,2021,0.062114197530864196,0.053893759669932956,0.045548654244306416,-0.00822043786093124,-0.01656554328655778
Boston Scott,17.3,2021,0.013194444444444444,0.013408973697782363,0.008281573498964804,2.145292533379181e-4,-0.0049128709454796405
Brandin Cooks,8.1,2021,0.09313271604938271,0.08973697782362042,0.07867494824016563,-0.003395738225762293,-0.014457767809217079
Brandon Aiyuk,5,2021,0.06045524691358025,0.04177411036616813,0.037267080745341616,-0.018681136547412124,-0.023188166168238634
Breshad Perriman,14.3,2021,0.0560570987654321,0.04847859721505931,0.055900621118012424,-0.00757850155037279,-1.5647764741967551e-4
Brevin Jordan,18,2021,1.5432098765432098e-4,NA,NA,NA,NA
Brian Hill,18,2021,1.9290123456790122e-4,2.5786487880350697e-4,NA,6.496364423560575e-5,NA
Bryan Edwards,13.1,2021,0.07453703703703704,0.07142857142857142,0.07660455486542443,-0.003108465608465616,0.0020675178283873913
Byron Pringle,16.5,2021,0.057291666666666664,0.05595667870036101,0.053830227743271224,-0.0013349879663056563,-0.0034614389233954407
C.J. Uzomah,17.7,2021,0.005054012345679012,0.005673027333677153,0.014492753623188406,6.19014987998141e-4,0.009438741277509394
Caleb Huntley,18,2021,3.8580246913580246e-5,NA,NA,NA,NA
Calvin Ridley,1.9,2021,0.042708333333333334,0.029396596183599792,0.028985507246376812,-0.013311737149733542,-0.013722826086956522
Cam Akers,1.3,2021,0.0077546296296296295,0.005157297576070139,0.004140786749482402,-0.00259733205355949,-0.0036138428801472276
Cam Newton,17.2,2021,0.021875,0.021144920061887573,0.018633540372670808,-7.300799381124261e-4,-0.0032414596273291907
Cam Sims,17.4,2021,3.4722222222222224e-4,NA,NA,NA,NA
Cameron Brate,17.8,2021,1.5432098765432098e-4,NA,NA,NA,NA
Carlos Hyde,17.2,2021,0.010030864197530864,0.0110881897885508,0.016563146997929608,0.0010573255910199357,0.006532282800398744
Carson Wentz,15.1,2021,0.09197530864197531,0.0961835997937081,0.08281573498964803,0.004208291151732782,-0.00915957365232728
Cedrick Wilson,17.8,2021,9.645061728395061e-4,0.0010314595152140279,NA,6.695334237452177e-5,NA
CeeDee Lamb,3,2021,0.07932098765432098,0.06266116554925219,0.045548654244306416,-0.01665982210506879,-0.033772333410014566
Chad Beebe,18,2021,7.716049382716049e-5,NA,NA,NA,NA
Chase Claypool,5.4,2021,0.07608024691358024,0.06833419288292934,0.06625258799171843,-0.007746054030650901,-0.009827658921861812
Chase Edmonds,6.7,2021,0.061612654320987656,0.04693140794223827,0.026915113871635612,-0.014681246378749388,-0.03469754044935204
Chris Carson,3.5,2021,0.044945987654320986,0.025012893243940175,0.020703933747412008,-0.01993309441038081,-0.024242053906908978
Chris Conley,17.9,2021,0.0015046296296296296,0.0010314595152140279,NA,-4.7317011441560175e-4,NA
Chris Evans,17.7,2021,0.0015046296296296296,0.0018050541516245488,NA,3.0042452199491917e-4,NA
Chris Godwin,3.9,2021,0.13680555555555557,0.18772563176895307,0.2194616977225673,0.0509200762133975,0.08265614216701173
Chris Herndon,16.9,2021,0.013888888888888888,0.013151108818978855,0.010351966873706004,-7.37780069910033e-4,-0.003536922015182884
Chris Hogan,18,2021,3.8580246913580246e-5,NA,NA,NA,NA
Christian Blake,17.5,2021,7.716049382716049e-5,NA,NA,NA,NA
Christian Kirk,14.3,2021,0.10844907407407407,0.11964930376482723,0.10766045548654245,0.011200229690753155,-7.886185875316254e-4
Christian McCaffrey,1,2021,0.05173611111111111,0.030685920577617327,0.010351966873706004,-0.02105019053349378,-0.04138414423740511
Chuba Hubbard,15.9,2021,0.07824074074074074,0.07168643630737494,0.06625258799171843,-0.0065543044333657985,-0.011988152749022304
Clyde Edwards-Helaire,2.3,2021,0.04702932098765432,0.02862300154718927,0.022774327122153208,-0.018406319440465047,-0.02425499386550111
Cole Beasley,11.6,2021,0.09602623456790123,0.10185662712738525,0.08902691511387163,0.005830392559484018,-0.0069993194540295955
Cole Kmet,14.5,2021,0.07546296296296297,0.07168643630737494,0.06832298136645963,-0.0037765266555880306,-0.007139981596503336
Collin Johnson,17.7,2021,0.0027391975308641977,0.0025786487880350697,NA,-1.60548742829128e-4,NA
Cooper Kupp,4,2021,0.24085648148148148,0.4381124290871583,0.577639751552795,0.19725594760567683,0.33678327007131353
Cordarrelle Patterson,17.6,2021,0.008564814814814815,0.014698298091799896,0.020703933747412008,0.006133483276985081,0.012139118932597193
Corey Clement,18,2021,1.1574074074074075e-4,NA,NA,NA,NA
Corey Davis,9,2021,0.07218364197530865,0.06498194945848375,0.049689440993788817,-0.007201692516824898,-0.02249420098151983
Cornell Powell,17.6,2021,0.004552469135802469,0.0033522434244455906,0.002070393374741201,-0.0012002257113568784,-0.002482075761061268
Courtland Sutton,6.3,2021,0.07924382716049383,0.07632800412583807,0.053830227743271224,-0.0029158230346557623,-0.025413599417222606
Curtis Samuel,8.1,2021,0.047183641975308645,0.039195461578133056,0.037267080745341616,-0.007988180397175589,-0.009916561229967029
D'Andre Swift,3.3,2021,0.09274691358024692,0.08818978855079938,0.07867494824016563,-0.004557125029447537,-0.014071965340081288
D'Ernest Johnson,17.5,2021,7.716049382716049e-5,NA,NA,NA,NA
D'Wayne Eskridge,16.8,2021,0.050540123456790126,0.04409489427539969,0.043478260869565216,-0.006445229181390434,-0.00706186258722491
D.J. Chark,7.1,2021,0.05528549382716049,0.04177411036616813,0.055900621118012424,-0.013511383460992364,6.151272908519329e-4
DJ Moore,4,2021,0.07662037037037037,0.06833419288292934,0.051759834368530024,-0.008286177487441024,-0.024860536001840343
DK Metcalf,2.1,2021,0.05941358024691358,0.03171738009283136,0.020703933747412008,-0.027696200154082223,-0.03870964649950157
Dak Prescott,5.7,2021,0.06959876543209877,0.05466735430634347,0.045548654244306416,-0.014931411125755294,-0.02405011118779235
Dallas Goedert,8.8,2021,0.09074074074074075,0.09025270758122744,0.07867494824016563,-4.8803315951330417e-4,-0.012065792500575115
Dalton Schultz,17.4,2021,0.013310185185185185,0.01598762248581743,0.020703933747412008,0.002677437300632246,0.007393748562226823
Dalvin Cook,1,2021,0.08244598765432098,0.06395048994326973,0.045548654244306416,-0.01849549771105126,-0.03689733341001457
Damien Harris,7.4,2021,0.09521604938271605,0.10108303249097472,0.07660455486542443,0.005866983108258672,-0.01861149451729162
Damien Williams,15.4,2021,0.057214506172839505,0.06034038164002063,0.039337474120082816,0.0031258754671811273,-0.01787703205275669
Damiere Byrd,17.8,2021,4.62962962962963e-4,5.157297576070139e-4,NA,5.276679464405096e-5,NA
Dan Arnold,17.4,2021,0.031057098765432098,0.03197524497163486,0.039337474120082816,9.181462062027648e-4,0.008280375354650718
Daniel Jones,15.3,2021,0.07604166666666666,0.07142857142857142,0.07867494824016563,-0.004613095238095236,0.0026332815734989717
Darius Slayton,16.6,2021,0.07102623456790123,0.06704486848891181,0.062111801242236024,-0.003981366078989426,-0.00891443332566521
Darnell Mooney,9,2021,0.0910108024691358,0.08612686952037132,0.07039337474120083,-0.004883932948764477,-0.02061742772793497
Darrel Williams,17.2,2021,0.03152006172839506,0.036101083032490974,0.041407867494824016,0.004581021304095913,0.009887805766428955
Darrell Henderson,8.1,2021,0.10906635802469136,0.10778751933986591,0.10973084886128365,-0.0012788386848254507,0.00066449083659228525
Darren Waller,2.3,2021,0.05597993827160494,0.02888086642599278,0.012422360248447204,-0.02709907184561216,-0.04355757802315774
Darrynton Evans,16.6,2021,0.04440586419753086,0.03584321815368747,0.037267080745341616,-0.008562646043843394,-0.007138783452189247
Darwin Thompson,18,2021,3.8580246913580246e-5,2.5786487880350697e-4,NA,2.1928463188992673e-4,NA
Daurice Fountain,18,2021,3.8580246913580246e-5,NA,NA,NA,NA
Davante Adams,1.5,2021,0.10787037037037037,0.1186178442496132,0.12008281573498965,0.010747473879242839,0.012212445364619282
David Johnson,13,2021,0.07168209876543209,0.06678700361010831,0.07867494824016563,-0.004895095155323784,0.00699284947473354
David Montgomery,3.7,2021,0.06956018518518518,0.05518308406395049,0.035196687370600416,-0.014377101121234692,-0.03436349781458477
David Moore,17.5,2021,5.787037037037037e-4,5.157297576070139e-4,NA,-6.297394609668973e-5,NA
David Njoku,17.2,2021,0.0024691358024691358,0.0023207839092315627,0.002070393374741201,-1.48351893237573e-4,-3.987424277279348e-4
Davis Mills,18,2021,7.716049382716049e-5,NA,NA,NA,NA
Dawson Knox,17.4,2021,0.050771604938271604,0.0631768953068592,0.06625258799171843,0.012405290368587597,0.015480983053446827
Dazz Newsome,17.3,2021,5.787037037037037e-4,2.5786487880350697e-4,NA,-3.208388249001967e-4,NA
DeAndre Hopkins,1.9,2021,0.05744598765432099,0.03945332645693656,0.024844720496894408,-0.01799266119738443,-0.03260126715742658
DeSean Jackson,16.4,2021,0.08560956790123457,0.09128416709644147,0.11594202898550725,0.005674599195206895,0.030332461084272677
DeVante Parker,9.7,2021,0.06033950617283951,0.05440948942753997,0.045548654244306416,-0.005930016745299541,-0.014790851928533091
DeVonta Smith,6.7,2021,0.09278549382716049,0.08896338318720991,0.062111801242236024,-0.003822110639950582,-0.030673692584924465
Dede Westbrook,17.6,2021,0.0013503086419753086,0.0023207839092315627,NA,9.704752672562542e-4,NA
DeeJay Dallas,17.8,2021,4.62962962962963e-4,0.0012893243940175349,NA,8.263614310545719e-4,NA
Deebo Samuel,6.5,2021,0.16651234567901235,0.23414130995358431,0.3333333333333333,0.06762896427457196,0.16682098765432096
Demarcus Robinson,16.5,2021,0.06277006172839507,0.05312016503352243,0.041407867494824016,-0.009649896694872637,-0.021362194233571052
Demetric Felton,17,2021,7.716049382716049e-5,NA,NA,NA,NA
Denzel Mims,15.2,2021,0.033526234567901235,0.02862300154718927,0.020703933747412008,-0.004903233020711963,-0.012822300820489227
Deonte Harris,17.7,2021,0.0035493827160493828,0.0033522434244455906,0.004140786749482402,-1.9713929160379215e-4,5.914040334330192e-4
Derek Carr,16,2021,0.08337191358024691,0.09179989685404848,0.09937888198757763,0.008427983273801565,0.01600696840733072
Derrick Henry,1,2021,0.09926697530864198,0.0887055183084064,0.09316770186335403,-0.010561457000235586,-0.006099273445287948
Deshaun Watson,16.4,2021,0.03746141975308642,0.02320783909231563,0.026915113871635612,-0.014253580660770794,-0.01054630588145081
Devin Duvernay,17.4,2021,0.002044753086419753,0.0018050541516245488,0.006211180124223602,-2.3969893479520435e-4,0.004166427037803849
Devin Funchess,17.8,2021,3.8580246913580245e-4,5.157297576070139e-4,NA,1.299272884712115e-4,NA
Devin Singletary,12.4,2021,0.08912037037037036,0.08896338318720991,0.08281573498964803,-1.5698718316045635e-4,-0.0063046353807223315
Devonta Freeman,17.7,2021,1.1574074074074075e-4,NA,NA,NA,NA
Devontae Booker,17.2,2021,0.03094135802469136,0.03481175863847344,0.033126293995859216,0.0038704006137820803,0.002184935971167857
Dez Fitzpatrick,17.6,2021,0.003703703703703704,0.0015471892728210418,0.002070393374741201,-0.002156514430882662,-0.0016333103289625029
Diontae Johnson,4.7,2021,0.11180555555555556,0.1034038164002063,0.09316770186335403,-0.008401739155349267,-0.018637853692201528
Donald Parham,17.5,2021,0.020987654320987655,0.019597730789066528,0.016563146997929608,-0.0013899235319211264,-0.004424507323058047
Donovan Peoples-Jones,16.8,2021,0.04506172839506173,0.047705002578648785,0.041407867494824016,0.0026432741835870563,-0.0036538609002377126
Drew Brees,17,2021,3.8580246913580246e-5,NA,NA,NA,NA
Drew Lock,17.4,2021,0.0030478395061728394,0.0030943785456420837,0.004140786749482402,4.6539039469244235e-5,0.0010929472433095625
Drew Sample,17.9,2021,2.700617283950617e-4,2.5786487880350697e-4,NA,-1.2196849591554731e-5,NA
Duke Johnson,17.9,2021,3.0864197530864197e-4,5.157297576070139e-4,NA,2.0708778229837197e-4,NA
Dyami Brown,15.3,2021,0.06207561728395062,0.0590510572460031,0.062111801242236024,-0.0030245600379475227,3.618395828540455e-5
Elijah Mitchell,17.3,2021,0.006944444444444444,0.007478081485301702,0.004140786749482402,5.336370408572577e-4,-0.002803657694962042
Elijah Moore,10,2021,0.10165895061728394,0.10804538421866942,0.11180124223602485,0.00638643360138548,0.010142291618740903
Emmanuel Sanders,12.3,2021,0.10617283950617284,0.11629706034038163,0.14699792960662525,0.010124220834208789,0.040825090100452405
Eno Benjamin,17.6,2021,0.0014660493827160495,0.0025786487880350697,0.002070393374741201,0.0011125994053190202,6.043439920251515e-4
Equanimeous St. Brown,17.5,2021,7.716049382716049e-5,2.5786487880350697e-4,NA,1.807043849763465e-4,NA
Eric Ebron,16.6,2021,0.05933641975308642,0.050799381124290874,0.037267080745341616,-0.008537038628795547,-0.022069339007744805
Evan Engram,12.6,2021,0.07824074074074074,0.06756059824651882,0.08902691511387163,-0.010680142494221917,0.010786174373130897
Ezekiel Elliott,1,2021,0.06624228395061728,0.0482207323362558,0.028985507246376812,-0.018021551614361475,-0.03725677670424046
Foster Moreau,17.3,2021,2.314814814814815e-4,2.5786487880350697e-4,NA,2.638339732202548e-5,NA
Frank Darby,17.5,2021,4.243827160493827e-4,2.5786487880350697e-4,NA,-1.6651783724587574e-4,NA
Freddie Swain,17.1,2021,4.62962962962963e-4,2.5786487880350697e-4,NA,-2.05098084159456e-4,NA
Gabriel Davis,11.5,2021,0.07777777777777778,0.07916451779267664,0.07660455486542443,0.0013867400148988573,-0.0011732229123533472
Gardner Minshew,18,2021,7.716049382716049e-5,2.5786487880350697e-4,NA,1.807043849763465e-4,NA
Geoff Swaim,17.5,2021,7.716049382716049e-5,2.5786487880350697e-4,NA,1.807043849763465e-4,NA
George Kittle,2.8,2021,0.09683641975308642,0.09205776173285199,0.07039337474120083,-0.00477865802023443,-0.026443045011885588
Gerald Everett,12.8,2021,0.07781635802469136,0.07632800412583807,0.062111801242236024,-0.0014883538988532952,-0.015704556782455338
Gerrid Doaks,17.7,2021,8.873456790123457e-4,7.735946364105209e-4,NA,-1.1375104260182478e-4,NA
Giovani Bernard,15.2,2021,0.07326388888888889,0.07426508509541001,0.051759834368530024,0.0010011962065211155,-0.02150405452035887
Golden Tate,17.5,2021,7.716049382716049e-5,NA,NA,NA,NA
Greg Ward,17.8,2021,5.787037037037037e-4,2.5786487880350697e-4,0.002070393374741201,-3.208388249001967e-4,0.0014916896710374973
Gus Edwards,9.8,2021,0.05169753086419753,0.036616812790097986,0.045548654244306416,-0.015080718074099546,-0.006148876619891115
Harrison Bryant,17.8,2021,4.243827160493827e-4,2.5786487880350697e-4,NA,-1.6651783724587574e-4,NA
Hayden Hurst,17.4,2021,0.020679012345679013,0.018308406395048993,0.014492753623188406,-0.0023706059506300205,-0.006186258722490607
Henry Ruggs,10.6,2021,0.0707175925925926,0.06008251676121712,0.045548654244306416,-0.010635075831375476,-0.02516893834828618
Hunter Henry,14.2,2021,0.10297067901234568,0.11191335740072202,0.12422360248447205,0.00894267838837634,0.021252923472126373
Hunter Renfrow,17.5,2021,0.04864969135802469,0.062403300670448685,0.09109730848861283,0.013753609312423996,0.042447617130588144
Ian Thomas,17.5,2021,7.716049382716049e-5,NA,NA,NA,NA
Ihmir Smith-Marsette,17.9,2021,0.0015817901234567902,0.0023207839092315627,NA,7.389937857747726e-4,NA
Irv Smith,11.2,2021,0.05393518518518518,0.043837029396596186,0.026915113871635612,-0.010098155788588997,-0.02702007131354957
Isaiah Hodgins,17.8,2021,1.9290123456790122e-4,7.735946364105209e-4,NA,5.806934018426197e-4,NA
Isaiah McKenzie,17.6,2021,0.0015046296296296296,0.0020629190304280558,NA,5.582894007984261e-4,NA
J.D. McKissic,13.9,2021,0.10239197530864197,0.10856111397627644,0.09937888198757763,0.006169138667634466,-0.0030130933210643362
J.J. Taylor,17.2,2021,6.944444444444445e-4,2.5786487880350697e-4,NA,-4.365795656409375e-4,NA
J.K. Dobbins,3.2,2021,0.031095679012345678,0.019082001031459517,0.012422360248447204,-0.012013677980886161,-0.018673318763898474
Ja'Marr Chase,4.5,2021,0.1125,0.1219700876740588,0.11801242236024845,0.009470087674058797,0.005512422360248445
JaMycal Hasty,17.8,2021,3.4722222222222224e-4,NA,NA,NA,NA
Jace Sternberger,18,2021,3.8580246913580246e-5,NA,NA,NA,NA
Jack Doyle,17.7,2021,0.002006172839506173,7.735946364105209e-4,NA,-0.001232578203095652,NA
Jacob Eason,17.5,2021,7.716049382716049e-5,NA,NA,NA,NA
Jacob Harris,17.8,2021,0.0012345679012345679,5.157297576070139e-4,NA,-7.188381436275539e-4,NA
Jacob Hollister,17.6,2021,1.9290123456790122e-4,NA,NA,NA,NA
Jaelon Darden,17.6,2021,1.9290123456790122e-4,NA,NA,NA,NA
Jake Funk,17.6,2021,0.001851851851851852,0.0038679731820526046,0.008281573498964804,0.0020161213302007527,0.006429721647112952
Jake Kumerow,17,2021,3.8580246913580246e-5,NA,NA,NA,NA
Jakobi Meyers,13.1,2021,0.08121141975308642,0.08457968024755029,0.07246376811594203,0.0033682604944638705,-0.008747651637144388
Jalen Guyton,17.6,2021,0.011111111111111112,0.012377514182568335,0.014492753623188406,0.001266403071457223,0.0033816425120772944
Jalen Hurd,17.8,2021,0.0033179012345679014,0.0036101083032490976,0.002070393374741201,2.922070686811962e-4,-0.0012475078598267004
Jalen Hurts,8.4,2021,0.0853395061728395,0.08767405879319237,0.08488612836438923,0.00233455262035287,-4.5337780845026987e-4
Jalen Reagor,11.8,2021,0.06720679012345679,0.06111397627643115,0.047619047619047616,-0.00609281384702564,-0.019587742504409172
Jamaal Williams,11.9,2021,0.08638117283950618,0.08457968024755029,0.06832298136645963,-0.0018014925919558888,-0.018058191473046548
Jameis Winston,15.5,2021,0.05289351851851852,0.04925219185146983,0.062111801242236024,-0.0036413266670486874,0.009218282723717504
James Conner,10,2021,0.1781635802469136,0.25477050025786485,0.3250517598343685,0.07660692001095126,0.14688817958745493
James O'Shaughnessy,17.2,2021,1.5432098765432098e-4,2.5786487880350697e-4,0.002070393374741201,1.0354389114918599e-4,0.00191607238708688
James Proche,18,2021,3.8580246913580246e-5,2.5786487880350697e-4,NA,2.1928463188992673e-4,NA
James Robinson,7.1,2021,0.09926697530864198,0.08561113976276431,0.08281573498964803,-0.013655835545877668,-0.016451240318993948
James Washington,17.5,2021,0.005324074074074074,0.004899432697266632,0.002070393374741201,-4.246413768074419e-4,-0.003253680699332873
James White,15.1,2021,0.06921296296296296,0.06420835482207324,0.055900621118012424,-0.005004608140889724,-0.013312341844950538
Jamison Crowder,14.5,2021,0.09093364197530865,0.09850438370293967,0.11180124223602485,0.007570741727631017,0.0208676002607162
Jared Cook,14.3,2021,0.10169753086419753,0.1147498710675606,0.11387163561076605,0.013052340203363072,0.01217410474656852
Jared Goff,17.1,2021,0.0439429012345679,0.04254770500257865,0.031055900621118012,-0.0013951962319892486,-0.012887000613449887
Jaret Patterson,17.6,2021,0.0018132716049382715,0.0025786487880350697,NA,7.653771830967982e-4,NA
Jarvis Landry,8.2,2021,0.07295524691358024,0.06498194945848375,0.060041407867494824,-0.007973297455096492,-0.012913839046085417
Jauan Jennings,18,2021,3.8580246913580246e-5,2.5786487880350697e-4,NA,2.1928463188992673e-4,NA
Javian Hawkins,17.2,2021,0.008526234567901235,0.005157297576070139,0.004140786749482402,-0.003368936991831096,-0.004385447818418833
Javonte Williams,5.8,2021,0.10146604938271606,0.10056730273336771,0.11387163561076605,-8.987466493483448e-4,0.012405586228049992
Jaylen Waddle,8.3,2021,0.10895061728395061,0.11268695203713254,0.12422360248447205,0.0037363347531819274,0.015272985200521436
Jeff Wilson,14.5,2021,0.008641975308641974,0.005673027333677153,0.004140786749482402,-0.002968947974964821,-0.0045011885591595725
Jeremy McNichols,14,2021,1.1574074074074075e-4,NA,NA,NA,NA
Jerick McKinnon,16.9,2021,0.03383487654320988,0.026560082516761216,0.037267080745341616,-0.007274794026448664,0.003432204202131736
Jermar Jefferson,17.9,2021,3.8580246913580245e-4,NA,NA,NA,NA
Jerry Jeudy,6,2021,0.05127314814814815,0.03996905621454358,0.031055900621118012,-0.011304091933604571,-0.02021724752703014
Jesper Horsted,18,2021,3.8580246913580246e-5,NA,NA,NA,NA
Jesse James,17.7,2021,1.1574074074074075e-4,NA,NA,NA,NA
Jimmy Garoppolo,17.5,2021,0.007368827160493827,0.010056730273336771,0.010351966873706004,0.0026879031128429444,0.002983139713212177
Jimmy Graham,17.6,2021,0.0021604938271604936,0.0020629190304280558,NA,-9.757479673243785e-5,NA
Joe Burrow,9.5,2021,0.07959104938271605,0.062403300670448685,0.06418219461697723,-0.017187748712267366,-0.01540885476573882
Joe Mixon,2,2021,0.11203703703703703,0.11268695203713254,0.10973084886128365,6.499150000955078e-4,-0.0023061881757533848
John Brown,14.2,2021,0.052662037037037035,0.04667354306343476,0.039337474120082816,-0.005988493973602273,-0.013324562916954219
John Ross,17.7,2021,1.1574074074074075e-4,NA,NA,NA,NA
Johnny Football,18,2021,3.8580246913580246e-5,2.5786487880350697e-4,NA,2.1928463188992673e-4,NA
Jonathan Taylor,1.5,2021,0.2146604938271605,0.3690046415678185,0.525879917184265,0.154344147740658,0.3112194233571045
Jonnu Smith,12.3,2021,0.07121913580246914,0.06188757091284167,0.041407867494824016,-0.0093315648896274625,-0.02981126830764512
Jordan Akins,17.9,2021,0.002854938271604938,0.0033522434244455906,0.002070393374741201,4.973051528406524e-4,-7.845448968637372e-4
Jordan Love,17.7,2021,0.0021604938271604936,7.735946364105209e-4,NA,-0.0013868991907499727,NA
Josh Allen,4.5,2021,0.11010802469135803,0.11964930376482723,0.09730848861283643,0.009541279073469203,-0.012799536078521592
Josh Gordon,18,2021,7.716049382716049e-5,NA,NA,NA,NA
Josh Jacobs,5,2021,0.09371141975308642,0.08045384218669417,0.07453416149068323,-0.013257577566392245,-0.019177258262403185
Josh Oliver,18,2021,7.716049382716049e-5,NA,NA,NA,NA
Josh Reynolds,16.3,2021,0.030169753086419754,0.03481175863847344,0.037267080745341616,0.004642005552053685,0.007097327658921862
Joshua Kelley,17.7,2021,0.0019290123456790122,0.0015471892728210418,0.002070393374741201,-3.818230728579704e-4,1.4138102906218874e-4
Joshua Palmer,16.7,2021,0.06026234567901235,0.06420835482207324,0.06625258799171843,0.00394600914306089,0.005990242312706083
JuJu Smith-Schuster,7,2021,0.06238425925925926,0.05363589479112945,0.053830227743271224,-0.008748364468129807,-0.008554031515988034
Julio Jones,3.9,2021,0.03931327160493827,0.020629190304280558,0.026915113871635612,-0.018684081300657712,-0.012398157733302658
Justice Hill,16.9,2021,0.003703703703703704,0.0030943785456420837,0.002070393374741201,-6.093251580616202e-4,-0.0016333103289625029
Justin Fields,11.4,2021,0.058834876543209874,0.04203197524497163,0.033126293995859216,-0.01680290129823824,-0.02570858254735066
Justin Herbert,6.9,2021,0.1455246913580247,0.18334192882929345,0.2194616977225673,0.03781723747126875,0.07393700636454259
Justin Jackson,17.2,2021,0.013310185185185185,0.013151108818978855,0.012422360248447204,-1.590763662063302e-4,-8.878249367379812e-4
Justin Jefferson,2.4,2021,0.12515432098765433,0.12325941206807632,0.09523809523809523,-0.0018949089195780117,-0.0299162257495591
Juwan Johnson,17.6,2021,0.0035493827160493828,0.0030943785456420837,NA,-4.550041704072991e-4,NA
K.J. Osborn,17.7,2021,2.314814814814815e-4,2.5786487880350697e-4,NA,2.638339732202548e-5,NA
KJ Hamler,16,2021,0.06111111111111111,0.06008251676121712,0.049689440993788817,-0.0010285943498939895,-0.011421670117322293
Kadarius Toney,16.3,2021,0.05949074074074074,0.055440948942754,0.053830227743271224,-0.004049791797986743,-0.005660512997469516
Kaden Smith,17,2021,3.8580246913580246e-5,NA,NA,NA,NA
Kahale Warring,18,2021,3.8580246913580246e-5,NA,NA,NA,NA
Kalen Ballage,17.3,2021,1.1574074074074075e-4,NA,NA,NA,NA
Kalif Raymond,17.7,2021,3.8580246913580245e-4,NA,NA,NA,NA
Kareem Hunt,6,2021,0.07006172839506172,0.06034038164002063,0.06418219461697723,-0.009721346755041091,-0.005879533778084492
Ke'Shawn Vaughn,17.7,2021,3.4722222222222224e-4,2.5786487880350697e-4,NA,-8.935734341871526e-5,NA
Keelan Cole,17.5,2021,0.017592592592592594,0.014698298091799896,0.016563146997929608,-0.0028942945007926976,-0.0010294455946629859
Keenan Allen,2.9,2021,0.10327932098765433,0.08947911294481692,0.060041407867494824,-0.013800208042837409,-0.0432379131201595
Keke Coutee,17.6,2021,0.0019675925925925924,7.735946364105209e-4,0.002070393374741201,-0.0011939979561820715,1.0280078214860858e-4
Kellen Mond,18,2021,3.8580246913580246e-5,NA,NA,NA,NA
Kendrick Bourne,17.6,2021,0.01720679012345679,0.02372356884992264,0.012422360248447204,0.00651677872646585,-0.004784429875009585
Kene Nwangwu,17.5,2021,1.5432098765432098e-4,NA,NA,NA,NA
Kenneth Gainwell,16.4,2021,0.06859567901234567,0.06962351727694688,0.07453416149068323,0.0010278382646012052,0.005938482478337559
Kenny Golladay,5.9,2021,0.05304783950617284,0.0407426508509541,0.031055900621118012,-0.012305188655218742,-0.021991938885054827
Kenyan Drake,11.1,2021,0.08912037037037036,0.09412068076328003,0.09316770186335403,0.005000310392909671,0.004047331492983669
Kerryon Johnson,17.6,2021,1.9290123456790122e-4,2.5786487880350697e-4,NA,6.496364423560575e-5,NA
Khalil Herbert,17.1,2021,5.787037037037037e-4,0.0010314595152140279,0.002070393374741201,4.527558115103242e-4,0.0014916896710374973
Kirk Cousins,13.1,2021,0.11863425925925926,0.13408973697782361,0.11180124223602485,0.015455477718564356,-0.006833017023234411
Kyle Juszczyk,17,2021,3.8580246913580246e-5,NA,NA,NA,NA
Kyle Pitts,4.4,2021,0.06489197530864198,0.042289840123775145,0.028985507246376812,-0.022602135184866833,-0.03590646806226516
Kyle Rudolph,17.9,2021,3.0864197530864197e-4,2.5786487880350697e-4,NA,-5.0777096505135e-5,NA
Kylen Granson,17.8,2021,5.015432098765432e-4,5.157297576070139e-4,NA,1.4186547730470696e-5,NA
Kyler Murray,5,2021,0.06882716049382716,0.057503867973182056,0.053830227743271224,-0.011323292520645102,-0.014996932750555934
Kylin Hill,17.7,2021,3.4722222222222224e-4,2.5786487880350697e-4,0.002070393374741201,-8.935734341871526e-5,0.0017231711525189787
La'Mical Perine,16.2,2021,1.5432098765432098e-4,NA,NA,NA,NA
Lamar Jackson,5,2021,0.08954475308641975,0.09360495100567302,0.08281573498964803,0.004060197919253272,-0.006729018096771719
Larry Rountree,17.5,2021,0.0028935185185185184,0.0030943785456420837,0.002070393374741201,2.008600271235653e-4,-8.231251437773174e-4
Latavius Murray,12.5,2021,0.07141203703703704,0.06627127385250128,0.06418219461697723,-0.005140763184535754,-0.007229842420059807
Laviska Shenault,7,2021,0.047530864197530866,0.03300670448684889,0.020703933747412008,-0.014524159710681973,-0.026826930450118858
Le'Veon Bell,16.8,2021,0.004050925925925926,0.0036101083032490976,0.006211180124223602,-4.408176226768281e-4,0.0021602541982976764
Leonard Fournette,10.2,2021,0.18549382716049384,0.2808148530170191,0.36645962732919257,0.09532102585652524,0.18096580016869873
Lil'Jordan Humphrey,17.9,2021,3.0864197530864197e-4,2.5786487880350697e-4,NA,-5.0777096505135e-5,NA
Logan Thomas,8.7,2021,0.05528549382716049,0.04203197524497163,0.028985507246376812,-0.013253518582188858,-0.02629998658078368
Lynn Bowden,17.3,2021,0.0021219135802469135,0.0030943785456420837,0.002070393374741201,9.724649653951702e-4,-5.1520205505712485e-5
Mac Jones,16.4,2021,0.026234567901234566,0.030428055698813822,0.031055900621118012,0.004193487797579255,0.004821332719883446
Mack Hollins,18,2021,3.8580246913580246e-5,NA,NA,NA,NA
Malcolm Brown,16.8,2021,0.03510802469135803,0.036616812790097986,0.024844720496894408,0.0015087880987399577,-0.01026330419446362
Marcus Johnson,17.5,2021,7.716049382716049e-5,NA,NA,NA,NA
Marcus Mariota,18,2021,3.8580246913580246e-5,NA,NA,NA,NA
Mark Andrews,5.4,2021,0.14212962962962963,0.19494584837545126,0.2650103519668737,0.052816218745821625,0.12288072233724409
Mark Ingram,17.2,2021,0.007175925925925926,0.006962351727694688,0.008281573498964804,-2.1357419823123808e-4,0.001105647573038878
Marlon Mack,17.2,2021,0.02060185185185185,0.017534811758638472,0.012422360248447204,-0.003067040093213378,-0.008179491603404646
Marquez Callaway,12.7,2021,0.060378086419753084,0.056472408457968026,0.041407867494824016,-0.0039056779617850576,-0.018970218924929068
Marquez Stevenson,18,2021,1.1574074074074075e-4,NA,NA,NA,NA
Marquez Valdes-Scantling,14.9,2021,0.08387345679012345,0.08019597730789066,0.07453416149068323,-0.0036774794822327928,-0.00933929529944022
Marquise Brown,8.7,2021,0.12280092592592592,0.1444043321299639,0.13457556935817805,0.021603406204037973,0.011774643432252124
Marquise Goodwin,17.6,2021,0.001736111111111111,0.0015471892728210418,0.004140786749482402,-1.8892183829006919e-4,0.002404675638371291
Marvin Jones,9.9,2021,0.07253086419753087,0.073749355337803,0.060041407867494824,0.0012184911402721293,-0.012489456330036043
Matt Breida,17.4,2021,0.0010802469135802468,0.0010314595152140279,NA,-4.8787398366218924e-5,NA
Matt Ryan,12.1,2021,0.06986882716049382,0.05698813821557504,0.045548654244306416,-0.012880688944918783,-0.024320172916187405
Matthew Stafford,9.6,2021,0.13013117283950618,0.17276946879834967,0.2194616977225673,0.0426382959588435,0.08933052488306112
Maxx Williams,17.6,2021,1.9290123456790122e-4,NA,NA,NA,NA
Mecole Hardman,8.5,2021,0.05906635802469136,0.0446106240330067,0.039337474120082816,-0.014455733991684656,-0.019728883904608543
Mekhi Sargent,17,2021,3.8580246913580246e-5,NA,NA,NA,NA
Melvin Gordon,9.6,2021,0.11392746913580247,0.11552346570397112,0.13043478260869565,0.0015959965681686533,0.01650731347289318
Michael Carter,8.3,2021,0.0871141975308642,0.07117070654976793,0.08902691511387163,-0.01594349098109628,0.0019127175830074283
Michael Gallup,7.1,2021,0.06072530864197531,0.051315110881897885,0.041407867494824016,-0.009410197760077427,-0.019317441147151296
Michael Pittman,8.7,2021,0.1140432098765432,0.12815884476534295,0.13043478260869565,0.014115634888799744,0.016391572732152443
Michael Thomas,6.1,2021,0.0441358024691358,0.030428055698813822,0.033126293995859216,-0.01370774677032198,-0.011009508473276586
Mike Boone,17.6,2021,7.716049382716049e-4,2.5786487880350697e-4,NA,-5.137400594680979e-4,NA
Mike Davis,5.3,2021,0.058256172839506175,0.040226921093347086,0.022774327122153208,-0.01802925174615909,-0.03548184571735297
Mike Evans,3.4,2021,0.1513503086419753,0.21299638989169675,0.2670807453416149,0.06164608124972146,0.11573043669963962
Mike Gesicki,10.9,2021,0.09799382716049383,0.10495100567302733,0.08695652173913043,0.006957178512533496,-0.0110373054213634
Mike Strachan,17.8,2021,2.314814814814815e-4,2.5786487880350697e-4,NA,2.638339732202548e-5,NA
Mike Williams,7.6,2021,0.145679012345679,0.19700876740587933,0.2443064182194617,0.05132975506020032,0.09862740587378269
Miles Sanders,4.2,2021,0.04429012345679012,0.02862300154718927,0.018633540372670808,-0.01566712190960085,-0.025656583084119312
Mitchell Trubisky,16.5,2021,1.5432098765432098e-4,NA,NA,NA,NA
Mo Alie-Cox,17.2,2021,0.027584876543209878,0.026044352759154205,0.020703933747412008,-0.001540523784055673,-0.00688094279579787
Mohamed Sanu,16.8,2021,1.9290123456790122e-4,2.5786487880350697e-4,NA,6.496364423560575e-5,NA
Myles Gaskin,6,2021,0.08163580246913581,0.07968024755028365,0.060041407867494824,-0.0019555549188521593,-0.021594394601640983
N'Keal Harry,17.5,2021,0.0015817901234567902,7.735946364105209e-4,0.002070393374741201,-8.081954870462693e-4,4.886032512844108e-4
Najee Harris,2.1,2021,0.12334104938271605,0.12274368231046931,0.11387163561076605,-5.973670722467378e-4,-0.00946941377195
Nelson Agholor,11.9,2021,0.07893518518518519,0.07890665291387312,0.07867494824016563,-2.8532271312067814e-5,-2.6023694501955963e-4
Nick Chubb,1.7,2021,0.08028549382716049,0.08225889633831872,0.07246376811594203,0.001973402511158226,-0.00782172571121846
Nick Vannett,17,2021,3.8580246913580246e-5,NA,NA,NA,NA
Nico Collins,16.9,2021,0.052507716049382716,0.05466735430634347,0.043478260869565216,0.0021596382569607567,-0.0090294551798175
Noah Brown,18,2021,3.8580246913580246e-5,NA,NA,NA,NA
Noah Fant,9.2,2021,0.07897376543209876,0.0740072202166065,0.07453416149068323,-0.004966545215492266,-0.004439603941415529
Noah Gray,17.9,2021,0.0015046296296296296,0.0010314595152140279,0.002070393374741201,-4.7317011441560175e-4,5.657637451115713e-4
Nyheim Hines,12.2,2021,0.08202160493827161,0.06936565239814338,0.047619047619047616,-0.012655952540128232,-0.034402557319223995
O.J. Howard,17.4,2021,0.028125,0.02784940691077875,0.024844720496894408,-2.755930892212495e-4,-0.0032802795031055924
Odell Beckham,5.4,2021,0.06847993827160494,0.06472408457968025,0.057971014492753624,-0.0037558536919246877,-0.010508923778851313
Olamide Zaccheaus,17,2021,0.040740740740740744,0.03790613718411552,0.035196687370600416,-0.002834603556625223,-0.005544053370140328
Parris Campbell,13.1,2021,0.071875,0.06627127385250128,0.062111801242236024,-0.005603726147498711,-0.00976319875776397
Pat Freiermuth,16.8,2021,0.03009259259259259,0.036101083032490974,0.049689440993788817,0.006008490439898383,0.019596848401196226
Patrick Mahomes,3.3,2021,0.07114197530864197,0.05440948942753997,0.045548654244306416,-0.016732485881102002,-0.025593321064335553
Pharaoh Brown,18,2021,3.8580246913580246e-5,NA,NA,NA,NA
Phillip Dorsett,18,2021,3.8580246913580246e-5,NA,NA,NA,NA
Phillip Lindsay,14.9,2021,0.06844135802469135,0.05724600309437854,0.051759834368530024,-0.01119535493031281,-0.01668152365616133
Phillip Walker,13,2021,3.8580246913580246e-5,NA,NA,NA,NA
Preston Williams,17.8,2021,0.002507716049382716,0.0025786487880350697,0.004140786749482402,7.09327386523538e-5,0.001633070700099686
Qadree Ollison,17.5,2021,0.005169753086419753,0.0030943785456420837,0.004140786749482402,-0.0020753745407776697,-0.0010289663369373514
Quez Watkins,16.7,2021,0.027160493827160494,0.027591542031975246,0.037267080745341616,4.310482048147518e-4,0.010106586918181122
Quintez Cephus,17.6,2021,0.013348765432098765,0.011603919546157814,0.016563146997929608,-0.0017448458859409509,0.0032143815658308428
Raheem Mostert,7.5,2021,0.04710648148148148,0.030428055698813822,0.018633540372670808,-0.016678425782667657,-0.02847294110881067
Randall Cobb,13.9,2021,0.055246913580246915,0.06523981433728726,0.07660455486542443,0.009992900757040346,0.021357641285177517
Rashaad Penny,15.5,2021,0.07040895061728394,0.06601340897369778,0.07039337474120083,-0.004395541643586159,-1.5575876083112616e-5
Rashard Higgins,17.6,2021,0.00783179012345679,0.005673027333677153,0.008281573498964804,-0.0021587627897796365,4.4978337550801405e-4
Rashod Bateman,11.6,2021,0.071875,0.06214543579164518,0.06625258799171843,-0.009729564208354816,-0.005622412008281563
Reggie Bonnafon,18,2021,3.8580246913580246e-5,NA,NA,NA,NA
Rhamondre Stevenson,15.1,2021,0.05150462962962963,0.05827746260959257,0.06418219461697723,0.006772832979962944,0.012677564987347602
Richie James,17.8,2021,5.015432098765432e-4,7.735946364105209e-4,NA,2.7205142653397767e-4,NA
Rob Gronkowski,13.4,2021,0.14363425925925927,0.1964930376482723,0.2691511387163561,0.05285877838901304,0.12551687945709683
Robby Anderson,5.8,2021,0.07287808641975309,0.07220216606498195,0.049689440993788817,-6.759203547711395e-4,-0.02318864542596427
Robert Tonyan,10.6,2021,0.07179783950617284,0.062403300670448685,0.045548654244306416,-0.009394538835724157,-0.026249185261866426
Robert Woods,3.4,2021,0.08433641975308642,0.07710159876224858,0.07039337474120083,-0.007234820990837845,-0.013943045011885591
Ronald Jones,9,2021,0.057214506172839505,0.04486848891181021,0.035196687370600416,-0.012346017261029296,-0.02201781880223909
Rondale Moore,10.7,2021,0.07040895061728394,0.061371841155234655,0.039337474120082816,-0.00903710946204929,-0.031071476497201128
Ross Dwelley,14,2021,3.8580246913580246e-5,NA,NA,NA,NA
Royce Freeman,16.7,2021,1.1574074074074075e-4,NA,NA,NA,NA
Russell Gage,10.3,2021,0.08078703703703703,0.06833419288292934,0.060041407867494824,-0.01245284415410769,-0.020745629169542208
Russell Wilson,6.6,2021,0.052507716049382716,0.036616812790097986,0.031055900621118012,-0.01589090325928473,-0.021451815428264704
Ryan Fitzpatrick,13.9,2021,0.04749228395061728,0.0368746776689015,0.033126293995859216,-0.010617606281715784,-0.014365989954758067
Ryan Tannehill,9.9,2021,0.05158179012345679,0.036616812790097986,0.026915113871635612,-0.014964977333358803,-0.024666676251821177
Salvon Ahmed,17.4,2021,0.011496913580246914,0.008767405879319236,0.010351966873706004,-0.002729507700927678,-0.00114494670654091
Sam Darnold,15.8,2021,0.06878858024691357,0.06575554409489427,0.047619047619047616,-0.0030330361520193028,-0.02116953262786596
Samaje Perine,17.5,2021,0.014699074074074074,0.01186178442496132,0.004140786749482402,-0.0028372896491127546,-0.010558287324591673
Sammy Watkins,15.1,2021,0.07642746913580246,0.07503867973182053,0.06832298136645963,-0.0013887894039819326,-0.008104487769342833
Saquon Barkley,1.2,2021,0.05717592592592593,0.05363589479112945,0.043478260869565216,-0.0035400311347964786,-0.013697665056360712
Scott Miller,17.6,2021,0.009413580246913581,0.010830324909747292,0.012422360248447204,0.0014167446628337108,0.003008780001533623
Seth Williams,18,2021,3.8580246913580246e-5,NA,NA,NA,NA
Shi Smith,18,2021,3.8580246913580246e-5,2.5786487880350697e-4,NA,2.1928463188992673e-4,NA
Simi Fehoko,17.8,2021,1.5432098765432098e-4,2.5786487880350697e-4,NA,1.0354389114918599e-4,NA
Sony Michel,11.7,2021,0.021257716049382716,0.0221763795771016,0.016563146997929608,9.186635277188826e-4,-0.004694569051453108
Stefon Diggs,1.2,2021,0.08506944444444445,0.08096957194430118,0.07246376811594203,-0.0040998725001432645,-0.012605676328502416
Sterling Shepard,13.6,2021,0.08271604938271605,0.08715832903558535,0.08281573498964803,0.004442279652869294,9.968560693197903e-5
Steven Sims,18,2021,3.8580246913580246e-5,NA,NA,NA,NA
T.J. Hockenson,5.7,2021,0.09753086419753086,0.11423414130995359,0.13250517598343686,0.016703277112422726,0.034974311785906
T.Y. Hilton,13,2021,0.07662037037037037,0.0740072202166065,0.062111801242236024,-0.0026131501537638713,-0.014508569128134342
Tajae Sharpe,18,2021,7.716049382716049e-5,NA,NA,NA,NA
Tamorrion Terry,17.5,2021,7.716049382716049e-5,NA,NA,NA,NA
Tarik Cohen,15.9,2021,0.026813271604938273,0.018308406395048993,0.012422360248447204,-0.00850486520988928,-0.014390911356491069
Tavon Austin,17,2021,1.1574074074074075e-4,NA,NA,NA,NA
Taylor Heinicke,17.9,2021,2.700617283950617e-4,NA,NA,NA,NA
Taysom Hill,17,2021,0.026774691358024693,0.018050541516245487,0.014492753623188406,-0.008724149841779206,-0.012281937734836287
Teddy Bridgewater,17.2,2021,0.01427469135802469,0.01779267663744198,0.016563146997929608,0.003517985279417291,0.0022884556399049173
Tee Higgins,4.7,2021,0.0724537037037037,0.047705002578648785,0.051759834368530024,-0.024748701125054916,-0.020693869335173677
Terrace Marshall,12,2021,0.05968364197530864,0.04641567818463126,0.041407867494824016,-0.013267963790677385,-0.018275774480484626
Terry McLaurin,3,2021,0.06894290123456791,0.051830840639504897,0.051759834368530024,-0.01711206059506301,-0.017183066866037884
Tevin Coleman,15.5,2021,0.06682098765432098,0.06266116554925219,0.07246376811594203,-0.0041598221050687945,0.005642780461621047
Thaddeus Moss,17.6,2021,1.9290123456790122e-4,NA,NA,NA,NA
Tim Patrick,17.6,2021,0.007716049382716049,0.006962351727694688,0.004140786749482402,-7.536976550213612e-4,-0.003575262633233647
Tim Tebow,17.5,2021,0.0019290123456790122,0.0010314595152140279,0.002070393374741201,-8.975528304649844e-4,1.4138102906218874e-4
Todd Gurley,17,2021,0.005131172839506173,0.0028365136668385767,0.006211180124223602,-0.002294659172667596,0.0010800072847174293
Tom Brady,8.9,2021,0.1571759259259259,0.22382671480144403,0.2815734989648033,0.06665078887551812,0.12439757303887741
Tony Jones,16.2,2021,0.01103395061728395,0.013408973697782363,0.018633540372670808,0.002375023080498412,0.007599589755386858
Tony Pollard,10.1,2021,0.07827932098765432,0.06162970603403816,0.037267080745341616,-0.01664961495361616,-0.0410122402423127
Travis Etienne,5.2,2021,0.028858024691358026,0.01779267663744198,0.022774327122153208,-0.011065348053916044,-0.006083697569204818
Travis Fulgham,17.5,2021,0.01709104938271605,0.013666838576585868,0.014492753623188406,-0.003424210806130182,-0.0025982957595276444
Travis Kelce,1,2021,0.06477623456790123,0.054925219185146985,0.045548654244306416,-0.009851015382754243,-0.019227580323594812
Tre' McKitty,18,2021,7.716049382716049e-5,NA,NA,NA,NA
Tre'Quan Smith,12.7,2021,0.07727623456790124,0.06704486848891181,0.08074534161490683,-0.010231366078989432,0.003469107047005593
Trent Sherfield,17.4,2021,7.716049382716049e-4,0.0010314595152140279,NA,2.59854576942423e-4,NA
Trevor Lawrence,11.2,2021,0.049652777777777775,0.038679731820526045,0.033126293995859216,-0.01097304595725173,-0.01652648378191856
Trey Lance,10.1,2021,0.05408950617283951,0.04203197524497163,0.028985507246376812,-0.012057530927867877,-0.025103998926462697
Trey Sermon,6.7,2021,0.04436728395061729,0.02320783909231563,0.018633540372670808,-0.02115944485830166,-0.02573374357794648
Trinity Benson,18,2021,3.8580246913580246e-5,2.5786487880350697e-4,NA,2.1928463188992673e-4,NA
Tua Tagovailoa,12.6,2021,0.07627314814814815,0.06936565239814338,0.07039337474120083,-0.006907495750004766,-0.005879773406947314
Tutu Atwell,17.7,2021,0.006597222222222222,0.007220216606498195,0.006211180124223602,6.22994384275973e-4,-3.8604209799862014e-4
Ty Johnson,16.5,2021,0.028047839506172838,0.030428055698813822,0.033126293995859216,0.002380216192640984,0.005078454489686378
Ty Montgomery,18,2021,1.1574074074074075e-4,NA,NA,NA,NA
Ty'Son Williams,14.4,2021,0.012307098765432099,0.01444043321299639,0.012422360248447204,0.002133334447564292,1.1526148301510553e-4
Tylan Wallace,17.6,2021,0.0013117283950617284,0.0015471892728210418,0.004140786749482402,2.3546087775931342e-4,0.0028290583544206735
Tyler Boyd,6.6,2021,0.07669753086419753,0.06910778751933987,0.053830227743271224,-0.007589743344857666,-0.02286730312092631
Tyler Conklin,17.4,2021,0.008834876543209877,0.010572460030943786,0.014492753623188406,0.0017375834877339097,0.005657877079978529
Tyler Higbee,8.6,2021,0.07588734567901234,0.06988138215575039,0.07867494824016563,-0.006005963523261951,0.0027876025611532906
Tyler Johnson,17.8,2021,0.0015432098765432098,0.0012893243940175349,0.002070393374741201,-2.5388548252567493e-4,5.271834981979912e-4
Tyler Kroft,17.2,2021,0.010956790123456791,0.012893243940175348,0.014492753623188406,0.0019364538167185568,0.003535963499731615
Tyler Lockett,3.8,2021,0.09058641975308641,0.10159876224858175,0.13664596273291926,0.011012342495495334,0.04605954297983285
Tyreek Hill,1,2021,0.0920138888888889,0.08767405879319237,0.09937888198757763,-0.004339830095696523,0.007364993098688738
Tyrell Williams,14.5,2021,0.06520061728395062,0.05415162454873646,0.045548654244306416,-0.011048992735214154,-0.0196519630396442
Tyrod Taylor,17.6,2021,0.004089506172839506,0.0028365136668385767,NA,-0.0012529925060009296,NA
Tyron Johnson,17.5,2021,0.0125,0.011603919546157814,0.012422360248447204,-8.960804538421865e-4,-7.763975155279657e-5
Van Jefferson,16.7,2021,0.09209104938271605,0.10134089736977824,0.10559006211180125,0.009249847987062187,0.0134990127290852
Wayne Gallman,17,2021,0.01091820987654321,0.0110881897885508,0.018633540372670808,1.699799120075899e-4,0.0077153304961275985
Will Dissly,17.8,2021,4.62962962962963e-4,5.157297576070139e-4,0.002070393374741201,5.276679464405096e-5,0.001607430411778238
William Fuller,7.6,2021,0.05563271604938272,0.05002578648788035,0.037267080745341616,-0.005606929561502369,-0.018365635304041103
Willie Snead,18,2021,7.716049382716049e-5,NA,NA,NA,NA
Xavier Jones,15.4,2021,0.02827932098765432,0.026817947395564725,0.028985507246376812,-0.0014613735920895946,7.061862587224924e-4
Zach Ertz,16.1,2021,0.10424382716049382,0.1263537906137184,0.13871635610766045,0.02210996345322458,0.034472528947166625
Zach Pascal,17.5,2021,0.014699074074074074,0.016245487364620937,0.012422360248447204,0.0015464132905468626,-0.0022767138256268703
Zach Wilson,15.1,2021,0.0679783950617284,0.06575554409489427,0.047619047619047616,-0.002222850966834125,-0.02035934744268078
Zack Moss,9.5,2021,0.0626929012345679,0.058793192367199584,0.06625258799171843,-0.003899708867368318,0.003559686757150529
Zay Jones,18,2021,1.5432098765432098e-4,NA,NA,NA,NA
A.J. Brown,2.7,2022,0.1270877659574468,0.15799288014917784,0.17547169811320754,0.03090511419173103,0.04838393215576073
A.J. Green,16.6,2022,0.06288563829787235,0.05628072554670283,0.04150943396226415,-0.006604912751169513,-0.021376204335608197
AJ Dillon,5.9,2022,0.06849734042553192,0.05051703678589591,0.03207547169811321,-0.017980303639636007,-0.03642186872741871
Aaron Jones,2.1,2022,0.08316489361702127,0.058484488896423124,0.035849056603773584,-0.024680404720598147,-0.04731583701324769
Aaron Rodgers,9.6,2022,0.06343085106382979,0.046448550601796916,0.03207547169811321,-0.01698230046203287,-0.03135537936571658
Abram Smith,17.6,2022,5.984042553191489e-4,NA,NA,NA,NA
Adam Thielen,6.2,2022,0.07518617021276595,0.05763688760806916,0.03773584905660377,-0.017549282604696792,-0.03745032115616218
Adam Trautman,17.8,2022,0.001954787234042553,0.0020342430920494998,NA,7.945585800694672e-5,NA
Albert Okwuegbunam,12.5,2022,0.05525265957446809,0.04119342261400237,0.03207547169811321,-0.014059236960465717,-0.02317718787635488
Alec Pierce,14.6,2022,0.0813031914893617,0.07645363620952704,0.07358490566037736,-0.004849555279834661,-0.007718285828984345
Alex Bachman,18,2022,1.3297872340425532e-5,NA,NA,NA,NA
Alex Collins,17.8,2022,6.648936170212766e-5,NA,NA,NA,NA
Alexander Mattison,11.4,2022,0.06347074468085107,0.05102559755890829,0.05660377358490566,-0.012445147121942779,-0.006866971095945404
Allen Lazard,7.2,2022,0.07159574468085106,0.05645024580437362,0.06037735849056604,-0.01514549887647744,-0.01121838619028502
Allen Robinson,4.2,2022,0.047579787234042555,0.032208848957450416,0.02830188679245283,-0.015370938276592139,-0.019277900441589724
Alvin Kamara,2.4,2022,0.06409574468085107,0.040345821325648415,0.024528301886792454,-0.02374992335520265,-0.03956744279405861
Amari Cooper,6.3,2022,0.11730053191489362,0.13595524665197492,0.15283018867924528,0.0186547147370813,0.03552965676435166
Amari Rodgers,17.7,2022,0.004747340425531915,0.003559925411086625,0.005660377358490566,-0.0011874150144452903,9.130369329586503e-4
Ameer Abdullah,17.4,2022,0.00535904255319149,0.005594168503136125,0.009433962264150943,2.351259499446352e-4,0.004074919710959453
Amon-Ra St. Brown,5.4,2022,0.14331117021276596,0.19630445838277674,0.23962264150943396,0.05299328817001078,0.096311471296668
Andrew Ogletree,18,2022,3.9893617021276594e-5,NA,NA,NA,NA
Andy Isabella,17.2,2022,1.1968085106382978e-4,1.6952025767079165e-4,NA,4.983940660696187e-5,NA
Anthony McFarland,18,2022,3.9893617021276594e-5,NA,NA,NA,NA
Anthony Schwartz,17.6,2022,3.5904255319148937e-4,NA,NA,NA,NA
Antoine Wesley,17.9,2022,2.792553191489362e-4,1.6952025767079165e-4,NA,-1.0973506147814453e-4,NA
Antonio Brown,17.8,2022,5.186170212765957e-4,1.6952025767079165e-4,NA,-3.4909676360580404e-4,NA
Antonio Gibson,7.3,2022,0.08748670212765958,0.07831835904390574,0.09245283018867924,-0.009168343083753833,0.004966128061019662
Antonio Williams,18,2022,5.319148936170213e-5,1.6952025767079165e-4,NA,1.1632876830908951e-4,NA
Ashton Dulin,17.8,2022,0.0011835106382978723,6.780810306831666e-4,0.0018867924528301887,-5.054296076147057e-4,7.032818145323164e-4
Auden Tate,17.6,2022,1.0638297872340425e-4,NA,NA,NA,NA
Austin Ekeler,1,2022,0.09977393617021277,0.09815222919138837,0.09811320754716982,-0.001621706978824397,-0.0016607286230429508
Austin Hooper,16.2,2022,0.07617021276595745,0.07408035260213595,0.06415094339622641,-0.002089860163821497,-0.012019269369731037
Baker Mayfield,16.2,2022,0.04696808510638298,0.038481098491269704,0.035849056603773584,-0.008486986615113275,-0.011119028502609395
Ben Skowronek,17.3,2022,9.308510638297873e-5,1.6952025767079165e-4,NA,7.643515128781292e-5,NA
Benny Snell,17.7,2022,0.0010638297872340426,3.390405153415833e-4,NA,-7.247892718924593e-4,NA
Bisi Johnson,16,2022,1.3297872340425532e-5,NA,NA,NA,NA
Blaine Gabbert,18,2022,1.3297872340425532e-5,NA,NA,NA,NA
Blake Bell,18,2022,1.3297872340425532e-5,NA,NA,NA,NA
Bo Melton,17.5,2022,2.6595744680851064e-5,NA,NA,NA,NA
Boston Scott,17.4,2022,0.010558510638297873,0.009323614171893542,0.005660377358490566,-0.001234896466404331,-0.004898133279807307
Brandin Cooks,5,2022,0.05454787234042553,0.03983726055263604,0.04339622641509434,-0.014710611787789492,-0.011151645925331195
Brandon Aiyuk,6.9,2022,0.088178191489361707,0.08815053398881166,0.07735849056603773,-2.7657500550046232e-5,-0.010819700923323974
Brandon Allen,18,2022,1.3297872340425532e-5,NA,NA,NA,NA
Brandon Bolden,17.6,2022,6.648936170212766e-5,NA,NA,NA,NA
Brandon Johnson,17,2022,1.3297872340425532e-5,NA,NA,NA,NA
Braxton Berrios,17.6,2022,0.0040026595744680855,0.0027123241227326664,0.0037735849056603774,-0.0012903354517354191,-2.2907466880770812e-4
Breece Hall,4.4,2022,0.07841755319148937,0.07102898796406171,0.07547169811320754,-0.00738856522742766,-0.0029458550782818227
Breshad Perriman,17.8,2022,7.978723404255319e-5,NA,NA,NA,NA
Brevin Jordan,16.9,2022,0.05351063829787234,0.04763519240549246,0.033962264150943396,-0.005875445892379878,-0.01954837414692894
Brian Robinson,14.6,2022,0.08593085106382979,0.08018308187828445,0.09056603773584905,-0.005747769185545343,0.004635186672019259
Bryan Edwards,17.5,2022,0.015664893617021277,0.010679776233259875,0.007547169811320755,-0.004985117383761402,-0.008117723805700522
Brycen Hopkins,18,2022,1.3297872340425532e-5,NA,NA,NA,NA
Byron Pringle,17.5,2022,0.015930851063829788,0.014748262417358875,0.016981132075471698,-0.0011825886464709133,0.0010502810116419098
C.J. Uzomah,17.4,2022,0.010199468085106383,0.006272249533819291,0.0018867924528301887,-0.003927218551287092,-0.008312675632276195
Cade Otton,17.7,2022,0.0025930851063829786,0.0030513646380742497,NA,4.582795316912711e-4,NA
Calvin Austin,17.8,2022,4.920212765957447e-4,3.390405153415833e-4,NA,-1.5298076125416142e-4,NA
Calvin Ridley,17.5,2022,2.6595744680851064e-5,NA,NA,NA,NA
Cam Akers,4.6,2022,0.056582446808510635,0.03898965926428208,0.04339622641509434,-0.017592787544228557,-0.013186220393416298
Cam Sims,18,2022,1.3297872340425532e-5,NA,NA,NA,NA
Cameron Brate,16.8,2022,0.03511968085106383,0.028140362773351416,0.03018867924528302,-0.006979318077712415,-0.004931001605780812
Carson Wentz,17,2022,0.06132978723404255,0.058823529411764705,0.04905660377358491,-0.002506257822277848,-0.012273183460457644
Case Keenum,18,2022,1.3297872340425532e-5,NA,NA,NA,NA
Cedrick Wilson,17.5,2022,0.02529255319148936,0.026784200711985083,0.018867924528301886,0.0014916475204957216,-0.006424628663187475
CeeDee Lamb,1.8,2022,0.07890957446808511,0.06679098152229192,0.04905660377358491,-0.012118592945793191,-0.0298529706945002
Chad Henne,12,2022,1.3297872340425532e-5,NA,NA,NA,NA
Charlie Kolar,17.8,2022,1.1968085106382978e-4,NA,NA,NA,NA
Chase Claypool,9.5,2022,0.07852393617021276,0.0771317172402102,0.06792452830188679,-0.0013922189300025617,-0.010599407868325972
Chase Edmonds,8.3,2022,0.0530718085106383,0.036446855399220206,0.03018867924528302,-0.016624953111418095,-0.02288312926535528
Chigoziem Okonkwo,17.8,2022,1.5957446808510637e-4,3.390405153415833e-4,NA,1.7946604725647692e-4,NA
Chris Carson,16.8,2022,7.845744680851064e-4,5.085607730123749e-4,NA,-2.7601369507273144e-4,NA
Chris Conley,17.9,2022,1.8617021276595746e-4,NA,NA,NA,NA
Chris Evans,17.2,2022,0.024268617021276594,0.018138667570774706,0.016981132075471698,-0.006129949450501888,-0.0072874849458048965
Chris Godwin,5.1,2022,0.07253989361702128,0.06051873198847262,0.04716981132075472,-0.012021161628548653,-0.025370082296266555
Chris Manhertz,18,2022,1.3297872340425532e-5,NA,NA,NA,NA
Chris Moore,18,2022,5.319148936170213e-5,1.6952025767079165e-4,NA,1.1632876830908951e-4,NA
Chris Olave,8.2,2022,0.08787234042553191,0.08408204780471266,0.08679245283018867,-0.003790292620819244,-0.0010798875953432346
Christian Kirk,7.3,2022,0.13204787234042553,0.15697575860315308,0.16226415094339622,0.024927886262727544,0.030216278602970686
Christian McCaffrey,1,2022,0.10386968085106384,0.10289879640617054,0.08113207547169811,-9.708844448932941e-4,-0.022737605379365727
Christian Watson,12.1,2022,0.11172872340425533,0.14460077979318528,0.15849056603773584,0.032872056388929954,0.046761842633480516
Chuba Hubbard,17.3,2022,0.017845744680851063,0.016443464994066792,0.016981132075471698,-0.0014022796867842711,-8.646126053793654e-4
Clyde Edwards-Helaire,7.5,2022,0.07908244680851063,0.073232751313782,0.06792452830188679,-0.005849695494728635,-0.011157918506623843
Cole Beasley,17.5,2022,5.452127659574468e-4,1.6952025767079165e-4,NA,-3.756925082866551e-4,NA
Cole Kmet,11.3,2022,0.09835106382978723,0.113917613154772,0.13018867924528302,0.015566549324984774,0.03183761541549579
Cole Turner,18,2022,1.3297872340425532e-5,NA,NA,NA,NA
Collin Johnson,18,2022,2.6595744680851064e-5,NA,NA,NA,NA
Cooper Kupp,1,2022,0.06053191489361702,0.04831327343617562,0.05471698113207547,-0.0122186414574414,-0.005814933761541546
Cooper Rush,18,2022,1.3297872340425532e-5,NA,NA,NA,NA
Cordarrelle Patterson,9.3,2022,0.0956781914893617,0.10527208001356161,0.11886792452830189,0.009593888524199914,0.02318973303894019
Corey Davis,14.8,2022,0.09267287234042554,0.09730462790303442,0.09245283018867924,0.0046317555626088774,-2.200421517462997e-4
Courtland Sutton,3.5,2022,0.05666223404255319,0.04102390235633158,0.03207547169811321,-0.015638331686221606,-0.02458676234443998
Curtis Samuel,16.4,2022,0.10363031914893617,0.11866418036955416,0.11320754716981132,0.015033861220617992,0.009577228020875156
Cyril Grayson,17.5,2022,2.6595744680851064e-5,NA,NA,NA,NA
D'Andre Swift,2,2022,0.04776595744680851,0.025088998135277166,0.0037735849056603774,-0.022676959311531346,-0.043992372541148135
D'Ernest Johnson,17.4,2022,0.028816489361702127,0.02542803865061875,0.020754716981132074,-0.0033884507110833774,-0.008061772380570053
D'Onta Foreman,17.2,2022,0.055412234042553195,0.06560433971859637,0.0660377358490566,0.01019210567604318,0.010625501806503408
DJ Chark,12.6,2022,0.09082446808510639,0.09662654687235124,0.1018867924528302,0.005802078787244855,0.011062324367723808
DJ Moore,3.2,2022,0.07856382978723404,0.0730632310561112,0.06981132075471698,-0.005500598731122838,-0.008752509032517064
DK Metcalf,5,2022,0.11728723404255319,0.1362942871673165,0.1490566037735849,0.01900705312476332,0.03176936973103171
Dak Prescott,8,2022,0.04964095744680851,0.025088998135277166,0.013207547169811321,-0.024551959311531348,-0.03643341027699719
Dallas Goedert,8.2,2022,0.09905585106382979,0.09611798609933887,0.07924528301886792,-0.002937864964490916,-0.019810568044961868
Dalton Schultz,6.5,2022,0.059920212765957444,0.04102390235633158,0.03207547169811321,-0.01889631040962586,-0.027844741067844236
Dalvin Cook,1.1,2022,0.049122340425531916,0.02542803865061875,0.018867924528301886,-0.023694301774913166,-0.03025441589723003
Dameon Pierce,9.5,2022,0.10605053191489362,0.10544160027123241,0.09622641509433963,-6.089316436612147e-4,-0.009824116820553994
Damien Harris,8.6,2022,0.07144946808510638,0.05661976606204441,0.045283018867924525,-0.01482970202306197,-0.026166449217181857
Damien Williams,17.5,2022,0.0025132978723404254,0.0027123241227326664,NA,1.9902625039224095e-4,NA
Damiere Byrd,14,2022,1.3297872340425532e-5,NA,NA,NA,NA
Dan Arnold,17.6,2022,6.515957446808511e-4,0.0011866418036955415,NA,5.350460590146904e-4,NA
Daniel Bellinger,17.7,2022,0.007925531914893617,0.008136972368197999,0.0018867924528301887,2.1144045330438212e-4,-0.006038739462063429
Daniel Jones,14.2,2022,0.09263297872340426,0.09018477708086116,0.0830188679245283,-0.002448201642543099,-0.00961411079887596
Danny Gray,17.5,2022,0.006396276595744681,0.006102729276148499,0.0037735849056603774,-2.935473195961819e-4,-0.002622691690084304
Dante Pettis,17.6,2022,1.3297872340425532e-4,1.6952025767079165e-4,NA,3.654153426653633e-5,NA
Dare Ogunbowale,18,2022,1.3297872340425532e-5,NA,NA,NA,NA
Dareke Young,18,2022,1.3297872340425532e-5,NA,NA,NA,NA
Darius Slayton,17.8,2022,7.579787234042553e-4,8.476012883539584e-4,NA,8.962256494970304e-5,NA
Darnell Mooney,5.6,2022,0.07690159574468085,0.0628920155958637,0.05849056603773585,-0.014009580148817147,-0.018411029706944998
Darrel Williams,15.8,2022,0.04857712765957447,0.04305814544838108,0.03018867924528302,-0.005518982211193388,-0.01838844841429145
Darrell Henderson,11.4,2022,0.07013297872340425,0.054924563485336496,0.035849056603773584,-0.015208415238067756,-0.03428392211963067
Darren Waller,4.5,2022,0.05168882978723404,0.03203932869977962,0.020754716981132074,-0.01964950108745442,-0.030934112806101966
Darrynton Evans,18,2022,1.3297872340425532e-5,NA,NA,NA,NA
Davante Adams,1.2,2022,0.1308909574468085,0.19291405322936092,0.23773584905660378,0.06202309578255241,0.10684489160979527
David Bell,16.2,2022,0.05461436170212766,0.04661807085946771,0.0509433962264151,-0.007996290842659952,-0.003670965475712565
David Johnson,18,2022,1.3297872340425532e-5,NA,NA,NA,NA
David Montgomery,5.4,2022,0.08827127659574469,0.08408204780471266,0.05849056603773585,-0.004189228791032021,-0.029780710558008835
David Njoku,13.8,2022,0.10123670212765958,0.10849296490930667,0.1018867924528302,0.007256262781647094,6.500903251706186e-4
David Sills,18,2022,5.319148936170213e-5,1.6952025767079165e-4,NA,1.1632876830908951e-4,NA
Davis Mills,17,2022,0.04893617021276596,0.032886929988133584,0.024528301886792454,-0.016049240224632375,-0.024407868325973504
Dawson Knox,9,2022,0.0823936170212766,0.06763858281064587,0.05471698113207547,-0.014755034210630721,-0.02767663588920112
DeAndre Carter,17.8,2022,1.5957446808510637e-4,NA,NA,NA,NA
DeAndre Hopkins,6.8,2022,0.0888563829787234,0.08018308187828445,0.07169811320754717,-0.008673301100438957,-0.017158269771176238
DeSean Jackson,18,2022,2.6595744680851064e-5,NA,NA,NA,NA
DeVante Parker,11.8,2022,0.07679521276595745,0.07238515002542804,0.06792452830188679,-0.004410062740529408,-0.00887068446407066
DeVonta Smith,6.7,2022,0.11238031914893618,0.11917274114256654,0.09811320754716982,0.006792421993630365,-0.014267111601766358
Dee Eskridge,17.9,2022,9.308510638297873e-5,3.390405153415833e-4,NA,2.4595540895860457e-4,NA
DeeJay Dallas,17.6,2022,2.127659574468085e-4,NA,NA,NA,NA
Deebo Samuel,2,2022,0.058191489361702126,0.033565011018816746,0.01509433962264151,-0.02462647834288538,-0.04309714973906062
Demarcus Robinson,17.6,2022,0.0023803191489361704,0.0018647228343787084,NA,-5.15596314557462e-4,NA
Demetric Felton,18,2022,7.978723404255319e-5,NA,NA,NA,NA
Denzel Mims,17.6,2022,2.792553191489362e-4,1.6952025767079165e-4,NA,-1.0973506147814453e-4,NA
Deon Jackson,17.7,2022,7.978723404255319e-5,NA,NA,NA,NA
Deonte Harty,17.7,2022,2.526595744680851e-4,NA,NA,NA,NA
Derek Carr,9.4,2022,0.07211436170212766,0.06373961688421767,0.05471698113207547,-0.008374744817909993,-0.01739738057005219
Derrick Gore,17.8,2022,1.3297872340425532e-4,NA,NA,NA,NA
Derrick Henry,1,2022,0.08940159574468085,0.07153754873707407,0.045283018867924525,-0.01786404700760677,-0.04411857687675632
Derrius Guice,18,2022,1.1968085106382978e-4,NA,NA,NA,NA
Deshaun Watson,15,2022,0.06037234042553191,0.04509238854043058,0.02830188679245283,-0.015279951885101332,-0.03207045363307908
Desmond Ridder,17.7,2022,0.0026861702127659575,0.0013561620613663332,0.0018867924528301887,-0.0013300081513996243,-7.993777599357688e-4
Devin Duvernay,17.1,2022,0.07082446808510638,0.07458891337514834,0.0830188679245283,0.003764445290041954,0.012194399839421916
Devin Singletary,9.2,2022,0.09566489361702128,0.093575182234277,0.07547169811320754,-0.0020897113827442887,-0.020193195503813738
Devonta Freeman,18,2022,1.3297872340425532e-5,NA,NA,NA,NA
Dez Fitzpatrick,18,2022,2.6595744680851064e-5,NA,NA,NA,NA
Diontae Johnson,4.4,2022,0.0641622340425532,0.047804712663163246,0.035849056603773584,-0.01635752137938995,-0.028313177438779612
Donald Parham,17.8,2022,0.0016090425531914893,6.780810306831666e-4,NA,-9.309615225083227e-4,NA
Donovan Peoples-Jones,16.8,2022,0.07670212765957447,0.09442278352263095,0.10377358490566038,0.017720655863056475,0.02707145724608591
Dontrell Hilliard,17.6,2022,0.007898936170212766,0.00711985082217325,0.005660377358490566,-7.790853480395162e-4,-0.0022385588117222006
Drake London,6.7,2022,0.06773936170212766,0.04814375317850483,0.03207547169811321,-0.019595608523622826,-0.03566389000401445
Drew Lock,17.5,2022,0.0021675531914893617,0.0018647228343787084,0.005660377358490566,-3.0283035711065336e-4,0.003492824167001204
Duke Johnson,17.7,2022,3.9893617021276594e-5,NA,NA,NA,NA
Durham Smythe,17.3,2022,3.9893617021276594e-5,3.390405153415833e-4,NA,2.9914689832030673e-4,NA
Dyami Brown,18,2022,2.792553191489362e-4,5.085607730123749e-4,NA,2.2930545386343876e-4,NA
Elijah Mitchell,6.1,2022,0.044920212765957444,0.022715714527886084,0.007547169811320755,-0.02220449823807136,-0.03737304295463669
Elijah Moore,6.1,2022,0.047872340425531915,0.024071876589252417,0.007547169811320755,-0.023800463836279498,-0.04032517061421116
Emmanuel Sanders,17.6,2022,3.4574468085106383e-4,NA,NA,NA,NA
Eno Benjamin,16.7,2022,0.04327127659574468,0.04339718596372266,0.03018867924528302,1.2590936797798186e-4,-0.013082597350461661
Equanimeous St. Brown,17.5,2022,0.0017420212765957446,0.0022037633497202914,NA,4.617420731245468e-4,NA
Erik Ezukanma,17.6,2022,0.0021542553191489363,0.0018647228343787084,0.0037735849056603774,-2.89532484770228e-4,0.001619329586511441
Evan Engram,15.3,2022,0.12281914893617021,0.154602474995762,0.2,0.03178332605959178,0.0771808510638298
Ezekiel Elliott,3.9,2022,0.08957446808510638,0.0915409391422275,0.08113207547169811,0.001966471057121111,-0.008442392613408276
Foster Moreau,17.7,2022,0.0010771276595744682,0.0015256823190371248,0.0018867924528301887,4.4855465946265667e-4,8.096647932557205e-4
Gabe Davis,4.2,2022,0.09332446808510639,0.08916765553483641,0.08867924528301886,-0.004156812550269978,-0.004645222802087526
Gardner Minshew,17.6,2022,1.0638297872340425e-4,NA,NA,NA,NA
Garrett Wilson,10,2022,0.12555851063829787,0.17596202746228173,0.2509433962264151,0.05040351682398386,0.12538488558811722
Geno Smith,17.5,2022,0.003723404255319149,0.0050856077301237495,0.007547169811320755,0.0013622034748046003,0.0038237655560016057
Geoff Swaim,17.5,2022,2.6595744680851064e-5,NA,NA,NA,NA
George Kittle,4.7,2022,0.07663563829787234,0.07001186641803696,0.052830188679245285,-0.006623771879835386,-0.02380544961862706
George Pickens,11.9,2022,0.09375,0.09815222919138837,0.1,0.004402229191388371,0.0062500000000000056
Gerald Everett,14,2022,0.08288563829787234,0.06848618409899983,0.06415094339622641,-0.014399454198872508,-0.01873469490164592
Giovani Bernard,17.5,2022,1.8617021276595746e-4,1.6952025767079165e-4,0.0018867924528301887,-1.6649955095165807e-5,0.0017006222400642312
Grant Calcaterra,18,2022,1.3297872340425532e-5,NA,NA,NA,NA
Greg Dulcich,17.7,2022,0.009388297872340426,0.007967452110527209,0.016981132075471698,-0.0014208457618132171,0.007592834203131272
Greg Ward,18,2022,1.3297872340425532e-5,NA,NA,NA,NA
Gunner Olszewski,17,2022,2.6595744680851064e-5,NA,NA,NA,NA
Gus Edwards,15.3,2022,0.05533244680851064,0.045600949313442954,0.052830188679245285,-0.009731497495067687,-0.0025022581292653556
Harrison Bryant,17.9,2022,0.001023936170212766,0.0010171215460247499,NA,-6.814624188016113e-6,NA
Hassan Haskins,17.4,2022,0.01747340425531915,0.01440922190201729,0.013207547169811321,-0.0030641823533018586,-0.004265857085507828
Hayden Hurst,15.5,2022,0.0860904255319149,0.0791659603322597,0.06792452830188679,-0.0069244651996552,-0.018165897230028108
Henry Ruggs,17,2022,1.3297872340425532e-5,NA,NA,NA,NA
Hunter Henry,13,2022,0.08454787234042553,0.08899813527716562,0.09245283018867924,0.004450262936740085,0.007904957848253708
Hunter Long,18,2022,1.3297872340425532e-5,NA,NA,NA,NA
Hunter Renfrow,7.4,2022,0.044242021276595746,0.022885234785556874,0.018867924528301886,-0.021356786491038872,-0.02537409674829386
Ian Thomas,18,2022,1.3297872340425532e-5,NA,NA,NA,NA
Ihmir Smith-Marsette,17.6,2022,6.382978723404255e-4,3.390405153415833e-4,NA,-2.992573569988422e-4,NA
Irv Smith,11.9,2022,0.06468085106382979,0.05187319884726225,0.045283018867924525,-0.012807652216567537,-0.01939783219590526
Isaiah Likely,16.1,2022,0.028670212765957447,0.029327004577046956,0.03018867924528302,6.567918110895084e-4,0.0015184664793255719
Isaiah McKenzie,13.7,2022,0.07676861702127659,0.07662315646719783,0.07358490566037736,-1.4546055407875513e-4,-0.003183711360899233
Isaiah Spiller,12.8,2022,0.05732712765957447,0.04577046957111375,0.05660377358490566,-0.011556658088460722,-7.233540746688083e-4
Isiah Pacheco,13.2,2022,0.04773936170212766,0.04916087472452958,0.03962264150943396,0.0014215130224019198,-0.008116720192693702
J.D. McKissic,15.5,2022,0.06716755319148936,0.061027292761485,0.04905660377358491,-0.00614026043000436,-0.01811094941790445
J.J. Taylor,18,2022,1.3297872340425532e-5,NA,NA,NA,NA
J.K. Dobbins,5.4,2022,0.06323138297872341,0.05000847601288354,0.035849056603773584,-0.013222906965839873,-0.027382326374949827
Ja'Marr Chase,1,2022,0.06433510638297872,0.04085438209866079,0.04339622641509434,-0.023480724284317932,-0.020938879967884384
JaMycal Hasty,18,2022,1.3297872340425532e-5,NA,NA,NA,NA
Jacob Harris,18,2022,1.3297872340425532e-5,NA,NA,NA,NA
Jacoby Brissett,17.7,2022,0.0015691489361702128,0.0015256823190371248,0.0018867924528301887,-4.346661713308794e-5,3.176435166599759e-4
Jaelon Darden,18,2022,5.319148936170213e-5,NA,NA,NA,NA
Jahan Dotson,11.8,2022,0.08449468085106383,0.07899644007458892,0.07169811320754717,-0.005498240776474914,-0.012796567643516665
Jaivon Heiligh,18,2022,1.3297872340425532e-5,NA,NA,NA,NA
Jake Ferguson,17.9,2022,9.308510638297873e-5,NA,NA,NA,NA
Jakeem Grant,17.7,2022,3.9893617021276594e-5,1.6952025767079165e-4,NA,1.2962664064951505e-4,NA
Jakobi Meyers,12.1,2022,0.10319148936170212,0.11951178165790811,0.13962264150943396,0.01632029229620599,0.036431152147731835
Jalen Guyton,17.6,2022,0.009561170212765957,0.004916087472452958,0.0037735849056603774,-0.0046450827403129984,-0.005787585307105579
Jalen Hurts,5.6,2022,0.16909574468085106,0.22342769961010342,0.22452830188679246,0.05433195492925236,0.055432557205941396
Jalen Nailor,18,2022,7.978723404255319e-5,1.6952025767079165e-4,NA,8.973302362823846e-5,NA
Jalen Reagor,17.6,2022,0.0011170212765957447,0.0016952025767079167,0.0018867924528301887,5.78181300112172e-4,7.69771176234444e-4
Jalen Tolbert,12.2,2022,0.05559840425531915,0.04407526699440583,0.03018867924528302,-0.011523137260913321,-0.025409725010036133
Jalen Virgil,18,2022,2.6595744680851064e-5,NA,NA,NA,NA
Jalen Wydermyer,18,2022,1.3297872340425532e-5,NA,NA,NA,NA
Jamaal Williams,14.5,2022,0.15408244680851063,0.22478386167146974,0.2981132075471698,0.07070141486295911,0.14403076073865917
Jamal Agnew,17.7,2022,2.925531914893617e-4,8.476012883539584e-4,NA,5.550480968645967e-4,NA
Jameis Winston,13.3,2022,0.054095744680851064,0.03898965926428208,0.04150943396226415,-0.015106085416568986,-0.012586310718586916
James Conner,3.3,2022,0.08117021276595744,0.07340227157145279,0.07924528301886792,-0.007767941194504649,-0.001924929747089521
James Cook,9.4,2022,0.06449468085106383,0.04916087472452958,0.045283018867924525,-0.015333806126534247,-0.019211661983139304
James Proche,17.7,2022,0.002805851063829787,0.0022037633497202914,0.0018867924528301887,-6.020877141094958e-4,-9.190586109995985e-4
James Robinson,13,2022,0.08815159574468086,0.09001525682319036,0.10943396226415095,0.001863661078509507,0.02128236651947009
James Washington,17.3,2022,0.017579787234042552,0.010510255975589083,0.005660377358490566,-0.007069531258453469,-0.011919409875551987
James White,17.5,2022,0.002047872340425532,0.0020342430920494998,0.005660377358490566,-1.3629248376032226e-5,0.0036125050180650336
Jameson Williams,13,2022,0.07011968085106383,0.06577385997626717,0.06037735849056604,-0.004345820874796666,-0.009742322360497796
Jamison Crowder,14.5,2022,0.06303191489361702,0.047465672147821665,0.04716981132075472,-0.015566242745795357,-0.0158621035728623
Jared Bernhardt,17.5,2022,2.6595744680851064e-5,NA,NA,NA,NA
Jared Cook,17.4,2022,7.180851063829787e-4,1.6952025767079165e-4,NA,-5.485648487121871e-4,NA
Jared Goff,15.9,2022,0.1051063829787234,0.12341074758433633,0.1490566037735849,0.018304364605612924,0.043950220794861494
Jarvis Landry,12.7,2022,0.07174202127659575,0.06390913714188845,0.062264150943396226,-0.0078328841347073,-0.009477870333199523
Jashaun Corbin,18,2022,3.9893617021276594e-5,NA,NA,NA,NA
Jauan Jennings,17.8,2022,0.002925531914893617,0.002373283607391083,0.0018867924528301887,-5.522483075025338e-4,-0.0010387394620634282
Javonte Williams,2.3,2022,0.027154255319148935,0.010849296490930666,0.005660377358490566,-0.01630495882821827,-0.02149387796065837
Jaylen Waddle,3.7,2022,0.13251329787234042,0.1844380403458213,0.22264150943396227,0.05192474247348089,0.09012821156162185
Jaylen Warren,17.4,2022,0.010518617021276596,0.009323614171893542,0.007547169811320755,-0.001195002849383054,-0.0029714472099558412
Jeff Driskel,18,2022,2.6595744680851064e-5,NA,NA,NA,NA
Jeff Wilson,16.8,2022,0.04011968085106383,0.04509238854043058,0.04150943396226415,0.004972707689366751,0.0013897531112003203
Jelani Woods,17.8,2022,0.0011037234042553191,8.476012883539584e-4,NA,-2.561221159013608e-4,NA
Jeremy Ruckert,18,2022,2.6595744680851064e-5,1.6952025767079165e-4,NA,1.429245129899406e-4,NA
Jerick McKinnon,16.3,2022,0.08155585106382979,0.08984573656551958,0.10566037735849057,0.008289885501689798,0.024104526294660783
Jermar Jefferson,18,2022,2.6595744680851064e-5,NA,NA,NA,NA
Jerome Ford,17.9,2022,4.25531914893617e-4,1.6952025767079165e-4,NA,-2.5601165722282537e-4,NA
Jerreth Sterns,18,2022,1.3297872340425532e-5,NA,NA,NA,NA
Jerry Jeudy,4.3,2022,0.08075797872340426,0.073232751313782,0.0509433962264151,-0.007525227409622262,-0.029814582496989164
Jimmy Garoppolo,17.7,2022,0.002872340425531915,0.0027123241227326664,0.005660377358490566,-1.600163027992486e-4,0.0027880369329586507
Jimmy Graham,17.5,2022,2.6595744680851064e-5,NA,NA,NA,NA
Jody Fortson,17.8,2022,0.0015558510638297872,0.0016952025767079167,0.0018867924528301887,1.3935151287812952e-4,3.309413890004015e-4
Joe Burrow,6.5,2022,0.10313829787234043,0.09391422274961858,0.09245283018867924,-0.009224075122721845,-0.010685467683661187
Joe Flacco,17,2022,9.308510638297873e-5,1.6952025767079165e-4,NA,7.643515128781292e-5,NA
Joe Mixon,1.8,2022,0.0811968085106383,0.06848618409899983,0.0509433962264151,-0.012710624411638477,-0.030253412284223208
John Bates,17.8,2022,3.4574468085106383e-4,1.6952025767079165e-4,NA,-1.7622442318027218e-4,NA
John Metchie,16.5,2022,0.020957446808510638,0.014578742159688083,0.022641509433962263,-0.006378704648822555,0.0016840626254516246
John Ross,18,2022,2.6595744680851064e-5,NA,NA,NA,NA
John Wolford,18,2022,1.3297872340425532e-5,NA,NA,NA,NA
Jonathan Taylor,1,2022,0.03894946808510638,0.02152907272419054,0.009433962264150943,-0.01742039536091584,-0.02951550582095544
Jonathan Ward,18,2022,1.3297872340425532e-5,NA,NA,NA,NA
Jonathan Williams,16,2022,3.9893617021276594e-5,NA,NA,NA,NA
Jonnu Smith,17.6,2022,0.01610372340425532,0.01322258009832175,0.01509433962264151,-0.002881143305933571,-0.001009383781613811
Jordan Akins,18,2022,1.3297872340425532e-5,NA,NA,NA,NA
Jordan Love,16,2022,5.319148936170213e-5,NA,NA,NA,NA
Josh Allen,3,2022,0.12804521276595746,0.13900661129004915,0.15283018867924528,0.010961398524091698,0.02478497591328782
Josh Gordon,17.6,2022,6.515957446808511e-4,5.085607730123749e-4,0.0018867924528301887,-1.4303497166847615e-4,0.0012351967081493376
Josh Jacobs,6.4,2022,0.23085106382978723,0.4521105272080014,0.6377358490566037,0.22125946337821414,0.4068847852268165
Josh Reynolds,17.6,2022,0.0016622340425531915,0.002881844380403458,0.0037735849056603774,0.0012196103378502665,0.002111350863107186
Joshua Dobbs,18,2022,1.3297872340425532e-5,NA,NA,NA,NA
Joshua Kelley,17.3,2022,0.008297872340425531,0.007458891337514833,0.0037735849056603774,-8.389810029106977e-4,-0.004524287434765154
Joshua Palmer,11.8,2022,0.0930718085106383,0.093575182234277,0.10943396226415095,5.03373723638692e-4,0.016362153753512645
Josiah Deguara,17.6,2022,2.792553191489362e-4,3.390405153415833e-4,NA,5.9785196192647114e-5,NA
JuJu Smith-Schuster,4.7,2022,0.09712765957446809,0.10900152568231904,0.12264150943396226,0.011873866107850947,0.025513849859494175
Julio Jones,12.9,2022,0.06482712765957446,0.05153415833192066,0.05660377358490566,-0.013292969327653802,-0.008223354074668801
Julius Chestnut,17.7,2022,1.4627659574468086e-4,NA,NA,NA,NA
Justice Hill,17,2022,1.3297872340425532e-5,NA,NA,NA,NA
Justin Fields,11.2,2022,0.13238031914893617,0.17426682488557382,0.2188679245283019,0.04188650573663766,0.08648760537936573
Justin Herbert,4.2,2022,0.060625,0.04102390235633158,0.020754716981132074,-0.019601097643668415,-0.03987028301886793
Justin Jackson,17.7,2022,6.25e-4,3.390405153415833e-4,0.0018867924528301887,-2.859594846584167e-4,0.0012617924528301886
Justin Jefferson,1,2022,0.130625,0.17731818952364808,0.20943396226415095,0.04669318952364809,0.07880896226415096
Justin Watson,17.6,2022,0.0027526595744680853,0.0038989659264282083,0.0018867924528301887,0.001146306351960123,-8.658671216378966e-4
Justyn Ross,17.4,2022,0.009148936170212766,0.007628411595185625,0.005660377358490566,-0.001520524575027141,-0.0034885588117222
Juwan Johnson,17.6,2022,1.0638297872340425e-4,NA,NA,NA,NA
Juwann Winfree,17,2022,5.319148936170213e-5,NA,NA,NA,NA
K.J. Osborn,12.8,2022,0.07340425531914893,0.06357009662654688,0.062264150943396226,-0.009834158692602055,-0.011140104375752705
KJ Hamler,14.4,2022,0.061077127659574466,0.05475504322766571,0.05660377358490566,-0.006322084431908757,-0.004473354074668805
Kadarius Toney,7.8,2022,0.05454787234042553,0.03492117308018308,0.013207547169811321,-0.01962669926024245,-0.041340325170614214
Kalif Raymond,17.1,2022,1.0638297872340425e-4,1.6952025767079165e-4,NA,6.31372789473874e-5,NA
Kareem Hunt,8.5,2022,0.07309840425531915,0.05628072554670283,0.045283018867924525,-0.016817678708616314,-0.02781538538739462
Ke'Shawn Vaughn,17.6,2022,9.973404255319148e-4,0.0015256823190371248,NA,5.2834189350521e-4,NA
Keaontay Ingram,17.3,2022,0.0048271276595744685,0.0022037633497202914,NA,-0.002623364309854177,NA
Keelan Cole,17.5,2022,5.585106382978724e-4,6.780810306831666e-4,NA,1.1957039238529423e-4,NA
Keenan Allen,3,2022,0.04968085106382979,0.031191727411425667,0.03207547169811321,-0.01848912365240412,-0.01760537936571658
Kellen Mond,18,2022,1.3297872340425532e-5,NA,NA,NA,NA
Kendall Blanton,18,2022,1.3297872340425532e-5,NA,NA,NA,NA
Kendall Hinton,17.5,2022,2.6595744680851064e-5,NA,NA,NA,NA
Kendrick Bourne,16.7,2022,0.0505718085106383,0.04204102390235633,0.035849056603773584,-0.008530784608281966,-0.014722751906864714
Kene Nwangwu,17.8,2022,4.787234042553191e-4,NA,NA,NA,NA
Kennedy Brooks,16.8,2022,1.3297872340425532e-4,1.6952025767079165e-4,NA,3.654153426653633e-5,NA
Kenneth Gainwell,12.5,2022,0.07676861702127659,0.06543481946092558,0.05660377358490566,-0.011333797560351008,-0.020164843436370927
Kenneth Walker,9.5,2022,0.12074468085106382,0.15494151551110358,0.17547169811320754,0.034196834660039754,0.05472701726214371
Kenny Golladay,12.4,2022,0.06776595744680851,0.05763688760806916,0.035849056603773584,-0.010129069838739346,-0.031916900843034925
Kenny Pickett,17.3,2022,0.019481382978723403,0.017121546024749957,0.01509433962264151,-0.002359836953973446,-0.004387043356081893
Kenyan Drake,17.3,2022,0.031595744680851065,0.039328699779623666,0.045283018867924525,0.007732955098772601,0.01368727418707346
Kevin Austin,17,2022,1.3297872340425532e-5,NA,NA,NA,NA
Kevin Harris,17.8,2022,1.0638297872340425e-4,NA,NA,NA,NA
KhaDarel Hodge,18,2022,1.3297872340425532e-5,NA,NA,NA,NA
Khalil Herbert,13.7,2022,0.10299202127659575,0.12222410578064079,0.12830188679245283,0.01923208450404504,0.02530986551585708
Khalil Shakir,17.5,2022,0.015053191489361703,0.011696897779284624,0.007547169811320755,-0.0033562937100770785,-0.007506021678040948
Kirk Cousins,10.3,2022,0.08087765957446809,0.07289371079844041,0.06981132075471698,-0.007983948776027677,-0.01106633881975111
Kyle Allen,17,2022,1.3297872340425532e-5,1.6952025767079165e-4,NA,1.562223853303661e-4,NA
Kyle Juszczyk,18,2022,5.319148936170213e-5,NA,NA,NA,NA
Kyle Philips,17.5,2022,0.007220744680851064,0.006780810306831667,0.009433962264150943,-4.399343740193974e-4,0.002213217583299879
Kyle Pitts,3,2022,0.04734042553191489,0.027462281742668248,0.011320754716981131,-0.019878143789246645,-0.03601967081493376
Kyle Rudolph,17.4,2022,0.006861702127659575,0.003559925411086625,0.0018867924528301887,-0.0033017767165729496,-0.004974909674829386
Kylen Granson,17.7,2022,3.9893617021276594e-5,NA,NA,NA,NA
Kyler Murray,5.5,2022,0.06468085106382979,0.04102390235633158,0.02830188679245283,-0.023656948707498203,-0.036378964271376955
Kyren Williams,17.2,2022,0.004441489361702127,0.0032208848957450413,NA,-0.001220604465957086,NA
Lamar Jackson,4.5,2022,0.08335106382978723,0.0793354805899305,0.05849056603773585,-0.004015583239856735,-0.024860497792051378
Laquon Treadwell,17.7,2022,9.308510638297873e-5,1.6952025767079165e-4,0.0018867924528301887,7.643515128781292e-5,0.00179370734644721
Larry Rountree,18,2022,1.3297872340425532e-5,NA,NA,NA,NA
Latavius Murray,18,2022,1.3297872340425532e-5,NA,NA,NA,NA
Laviska Shenault,17.2,2022,0.03357712765957447,0.03271740973046279,0.018867924528301886,-8.597179291116794e-4,-0.014709203131272584
Leonard Fournette,2.5,2022,0.0657313829787234,0.04526190879810137,0.04150943396226415,-0.020469474180622026,-0.02422194901645925
Logan Thomas,16.9,2022,0.05460106382978724,0.047804712663163246,0.03773584905660377,-0.0067963511666239915,-0.016865214773183465
Lynn Bowden,18,2022,2.6595744680851064e-5,NA,NA,NA,NA
Mac Jones,15.4,2022,0.06996010638297873,0.06323105611120529,0.06037735849056604,-0.006729050271773437,-0.009582747892412688
Mack Hollins,17.8,2022,5.585106382978724e-4,5.085607730123749e-4,0.0018867924528301887,-4.994986528549742e-5,0.0013282818145323163
Malik Willis,17.5,2022,0.004800531914893617,0.003559925411086625,0.0018867924528301887,-0.0012406065038069918,-0.002913739462063428
Marcus Mariota,17.2,2022,0.039587765957446806,0.03882013900661129,0.02830188679245283,-7.676269508355149e-4,-0.011285879164993975
Mark Andrews,2.1,2022,0.08206117021276596,0.07035090693337853,0.08113207547169811,-0.011710263279387428,-9.290947410678513e-4
Mark Ingram,16.5,2022,0.04976063829787234,0.04204102390235633,0.05660377358490566,-0.0077196143955160085,0.006843135287033321
Marlon Mack,15.9,2022,0.05194148936170213,0.04543142905577217,0.04150943396226415,-0.00651006030592996,-0.010432055399437978
Marquez Callaway,17.5,2022,0.0030319148936170212,0.0013561620613663332,NA,-0.001675752832250688,NA
Marquez Valdes-Scantling,8.5,2022,0.07658244680851063,0.06441769791490083,0.04716981132075472,-0.0121647488936098,-0.02941263548775591
Marquise Brown,3.9,2022,0.06945478723404255,0.05373792168164095,0.05471698113207547,-0.0157168655524016,-0.01473780610196708
Marquise Goodwin,17,2022,3.9893617021276594e-5,NA,NA,NA,NA
Marvin Jones,14.6,2022,0.08980053191489362,0.09204949991523988,0.08490566037735849,0.0022489680003462548,-0.0048948715375351365
Mataeo Durant,18,2022,1.3297872340425532e-5,NA,NA,NA,NA
Matt Breida,17.8,2022,0.004734042553191489,0.0050856077301237495,0.007547169811320755,3.515651769322604e-4,0.0028131272581292657
Matt Corral,17.8,2022,3.4574468085106383e-4,1.6952025767079165e-4,NA,-1.7622442318027218e-4,NA
Matt Ryan,13.7,2022,0.06658244680851064,0.05390744193931175,0.0509433962264151,-0.01267500486919889,-0.01563905058209554
Matthew Stafford,9,2022,0.03910904255319149,0.020003390405153417,0.016981132075471698,-0.019105652148038072,-0.02212791047771979
Maxx Williams,18,2022,1.3297872340425532e-5,1.6952025767079165e-4,NA,1.562223853303661e-4,NA
Mecole Hardman,11.3,2022,0.10613031914893617,0.13544668587896252,0.1471698113207547,0.029316366730026355,0.04103949217181854
Melvin Gordon,9.8,2022,0.073125,0.06001017121546025,0.05660377358490566,-0.013114828784539748,-0.016521226415094334
Michael Bandy,18,2022,3.9893617021276594e-5,NA,NA,NA,NA
Michael Carter,12.3,2022,0.08718085106382979,0.08425156806238346,0.07358490566037736,-0.002929283001446334,-0.013595945403452436
Michael Gallup,10.9,2022,0.06730053191489362,0.05611120528903204,0.05660377358490566,-0.011189326625861577,-0.010696758329987954
Michael Pittman,3,2022,0.06299202127659574,0.05339888116629937,0.03962264150943396,-0.00959314011029637,-0.02336937976716178
Michael Thomas,6,2022,0.05515957446808511,0.03882013900661129,0.03962264150943396,-0.016339435461473817,-0.015536932958651148
Mike Boone,17.8,2022,1.8617021276595746e-4,1.6952025767079165e-4,NA,-1.6649955095165807e-5,NA
Mike Davis,16.8,2022,0.016582446808510638,0.016782505509408373,0.01509433962264151,2.0005870089773517e-4,-0.001488107185869128
Mike Evans,2.2,2022,0.057832446808510636,0.03170028818443804,0.024528301886792454,-0.026132158624072595,-0.03330414492171818
Mike Gesicki,12.7,2022,0.09803191489361703,0.11154432954738092,0.13018867924528302,0.01351241465376389,0.03215676435166599
Mike Strachan,18,2022,3.9893617021276594e-5,NA,NA,NA,NA
Mike Thomas,18,2022,2.6595744680851064e-5,NA,NA,NA,NA
Mike White,18,2022,1.3297872340425532e-5,NA,NA,NA,NA
Mike Williams,3.1,2022,0.07083776595744681,0.06221393456518054,0.05660377358490566,-0.008623831392266273,-0.014233992372541152
Miles Sanders,7.9,2022,0.161875,0.2524156636718088,0.3339622641509434,0.0905406636718088,0.1720872641509434
Mitch Trubisky,17.5,2022,0.00886968085106383,0.006950330564502458,0.009433962264150943,-0.001919350286561372,5.642814130871129e-4
Mo Alie-Cox,17.3,2022,0.045452127659574466,0.04254958467536871,0.04716981132075472,-0.0029025429842057596,0.001717683661180254
Montrell Washington,17.7,2022,5.053191489361702e-4,3.390405153415833e-4,NA,-1.662786335945869e-4,NA
Myles Gaskin,17.4,2022,9.574468085106382e-4,5.085607730123749e-4,NA,-4.488860354982633e-4,NA
N'Keal Harry,17.7,2022,0.001023936170212766,0.0015256823190371248,0.0018867924528301887,5.017461488243588e-4,8.628562826174227e-4
Najee Harris,1.4,2022,0.03990691489361702,0.016443464994066792,0.007547169811320755,-0.02346344989955023,-0.03235974508229627
Nelson Agholor,17.5,2022,0.008231382978723405,0.00915409391422275,0.007547169811320755,9.227109354993449e-4,-6.842131674026503e-4
Nick Chubb,2.7,2022,0.12845744680851065,0.16138328530259366,0.1811320754716981,0.03292583849408301,0.05267462866318745
Nick Westbrook-Ikhine,17.5,2022,0.028457446808510638,0.032547889472791997,0.035849056603773584,0.004090442664281359,0.007391609795262946
Nico Collins,14,2022,0.07679521276595745,0.06780810306831667,0.06037735849056604,-0.008987109697640785,-0.016417854275391414
Noah Brown,17.5,2022,0.002194148936170213,8.476012883539584e-4,NA,-0.0013465476478162547,NA
Noah Fant,15.1,2022,0.08961436170212767,0.08865909476182404,0.06792452830188679,-9.552669403036229e-4,-0.021689833400240874
Noah Gray,17.7,2022,2.127659574468085e-4,NA,NA,NA,NA
Nyheim Hines,11.8,2022,0.06735372340425531,0.050686557043566706,0.033962264150943396,-0.016667166360688608,-0.03339145925331192
O.J. Howard,17.8,2022,0.0023005319148936172,0.0016952025767079167,0.0018867924528301887,-6.053293381857005e-4,-4.137394620634285e-4
Odell Beckham,16.7,2022,0.04565159574468085,0.037463976945244955,0.035849056603773584,-0.008187618799435893,-0.009802539140907264
Olamide Zaccheaus,17.7,2022,9.441489361702128e-4,8.476012883539584e-4,0.0018867924528301887,-9.654764781625441e-5,9.426435166599759e-4
PJ Walker,12,2022,1.3297872340425532e-5,NA,NA,NA,NA
Parker Hesse,18,2022,1.3297872340425532e-5,NA,NA,NA,NA
Parris Campbell,15.7,2022,0.08373670212765957,0.0873029327004577,0.1,0.003566230572798132,0.016263297872340432
Pat Freiermuth,11.4,2022,0.09195478723404256,0.08916765553483641,0.06792452830188679,-0.0027871316992061496,-0.024030258932155768
Patrick Mahomes,4.4,2022,0.15316489361702126,0.23292083403966773,0.3150943396226415,0.07975594042264647,0.16192944600562023
Pharaoh Brown,17.8,2022,7.978723404255319e-5,1.6952025767079165e-4,NA,8.973302362823846e-5,NA
Phillip Dorsett,17.4,2022,6.648936170212766e-5,NA,NA,NA,NA
Phillip Lindsay,17.1,2022,1.5957446808510637e-4,3.390405153415833e-4,0.0018867924528301887,1.7946604725647692e-4,0.0017272179847450824
Pierre Strong,17.7,2022,0.0011968085106382979,0.0018647228343787084,0.0018867924528301887,6.679143237404105e-4,6.899839421918908e-4
Preston Williams,18,2022,1.3297872340425532e-5,NA,NA,NA,NA
Quez Watkins,17.6,2022,0.018085106382978722,0.023224275300898458,0.03018867924528302,0.005139168917919736,0.012103572862304297
Quintez Cephus,17.9,2022,1.0638297872340425e-4,NA,NA,NA,NA
Racey McMath,17.9,2022,1.1968085106382978e-4,1.6952025767079165e-4,NA,4.983940660696187e-5,NA
Rachaad White,11.3,2022,0.07848404255319148,0.07085946770639091,0.05849056603773585,-0.007624574846800569,-0.019993476515455633
Raheem Mostert,14.9,2022,0.10019946808510638,0.11561281573147991,0.1018867924528302,0.015413347646373532,0.0016873243677238137
Randall Cobb,17.5,2022,0.022898936170212766,0.0223766740125445,0.020754716981132074,-5.222621576682664e-4,-0.0021442191890806914
Rashaad Penny,8.7,2022,0.06268617021276596,0.04695711137480929,0.03018867924528302,-0.015729058837956666,-0.03249749096748294
Rashard Higgins,17.6,2022,8.24468085106383e-4,8.476012883539584e-4,NA,2.3133203247575397e-5,NA
Rashid Shaheed,18,2022,1.3297872340425532e-5,NA,NA,NA,NA
Rashod Bateman,5.2,2022,0.05336436170212766,0.03559925411086625,0.020754716981132074,-0.01776510759126141,-0.03260964472099559
Ray-Ray McCloud,18,2022,5.319148936170213e-5,NA,NA,NA,NA
Rex Burkhead,17.4,2022,0.009880319148936171,0.010679776233259875,0.011320754716981131,7.994570843237042e-4,0.0014404355680449604
Rhamondre Stevenson,8.7,2022,0.12489361702127659,0.1381590100016952,0.1320754716981132,0.013265392980418608,0.007181854676836616
Richie James,18,2022,6.648936170212766e-5,1.6952025767079165e-4,NA,1.0303089596866399e-4,NA
Ricky Seals-Jones,17.8,2022,9.973404255319148e-4,5.085607730123749e-4,0.0018867924528301887,-4.887796525195399e-4,8.894520272982739e-4
Rob Gronkowski,12.4,2022,0.01125,0.007289371079844041,0.011320754716981131,-0.003960628920155958,7.075471698113171e-5
Robbie Anderson,13.9,2022,0.07930851063829787,0.07492795389048991,0.08867924528301886,-0.004380556747807962,0.00937073464472099
Robert Tonyan,13.6,2022,0.07238031914893617,0.05831496863875233,0.05471698113207547,-0.014065350510183837,-0.017663338016860694
Robert Woods,9,2022,0.062180851063829784,0.04593998982878454,0.03207547169811321,-0.016240861235045242,-0.030105379365716577
Romeo Doubs,12.8,2022,0.0538563829787234,0.05475504322766571,0.03207547169811321,8.986602489423068e-4,-0.021780911280610195
Ronald Jones,12.9,2022,0.039122340425531914,0.02949652483471775,0.024528301886792454,-0.009625815590814164,-0.01459403853873946
Rondale Moore,10.1,2022,0.0764627659574468,0.06357009662654688,0.052830188679245285,-0.012892669330899928,-0.02363257727820152
Russell Gage,9.9,2022,0.058351063829787234,0.044244787252076624,0.033962264150943396,-0.01410627657771061,-0.024388799678843838
Russell Wilson,7.1,2022,0.03795212765957447,0.014748262417358875,0.0018867924528301887,-0.023203865242215592,-0.03606533520674428
Ryan Fitzpatrick,17,2022,1.3297872340425532e-5,NA,NA,NA,NA
Ryan Griffin,18,2022,1.3297872340425532e-5,NA,NA,NA,NA
Ryan Tannehill,16,2022,0.07001329787234042,0.06187489404983896,0.052830188679245285,-0.008138403822501465,-0.01718310919309514
Ryquell Armstead,18,2022,1.3297872340425532e-5,NA,NA,NA,NA
Sam Darnold,17.2,2022,2.127659574468085e-4,NA,NA,NA,NA
Sam Howell,17.7,2022,1.1968085106382978e-4,NA,NA,NA,NA
Samaje Perine,17.6,2022,0.013563829787234043,0.0183081878284455,0.022641509433962263,0.004744358041211457,0.00907767964672822
Sammy Watkins,15.2,2022,0.06621010638297872,0.055263604000678083,0.04716981132075472,-0.01094650238230064,-0.019040295062224002
Samori Toure,18,2022,1.3297872340425532e-5,NA,NA,NA,NA
Saquon Barkley,2.1,2022,0.0994813829787234,0.09018477708086116,0.062264150943396226,-0.009296605897862242,-0.037217232035327175
Scotty Miller,17.8,2022,6.648936170212766e-5,3.390405153415833e-4,NA,2.7255115363945565e-4,NA
Seth Williams,18,2022,2.6595744680851064e-5,NA,NA,NA,NA
Shemar Bridges,18,2022,1.3297872340425532e-5,NA,NA,NA,NA
Shi Smith,17.6,2022,1.8617021276595746e-4,NA,NA,NA,NA
Simi Fehoko,17.3,2022,1.3297872340425532e-4,1.6952025767079165e-4,NA,3.654153426653633e-5,NA
Skyy Moore,8.3,2022,0.05808510638297872,0.04102390235633158,0.03773584905660377,-0.01706120402664714,-0.02034925732637495
Snoop Conner,17.7,2022,0.0015691489361702128,0.0015256823190371248,0.0037735849056603774,-4.346661713308794e-5,0.0022044359694901646
Sony Michel,17.2,2022,0.029388297872340426,0.02542803865061875,0.020754716981132074,-0.0039602592217216764,-0.008633580891208352
Stanley Morgan,18,2022,5.319148936170213e-5,NA,NA,NA,NA
Stefon Diggs,1,2022,0.1269813829787234,0.15307679267672486,0.15283018867924528,0.02609540969800145,0.025848805700521865
Sterling Shepard,17.4,2022,0.015319148936170212,0.013731140871334124,0.016981132075471698,-0.001588008064836088,0.0016619831393014858
T.J. Hockenson,8,2022,0.10982712765957447,0.12205458552297,0.10754716981132076,0.012227457863395519,-0.0022799578482537164
T.J. Vasher,18,2022,3.9893617021276594e-5,NA,NA,NA,NA
T.Y. Hilton,17.2,2022,3.723404255319149e-4,3.390405153415833e-4,NA,-3.3299910190331614e-5,NA
Tajae Sharpe,18,2022,3.9893617021276594e-5,3.390405153415833e-4,NA,2.9914689832030673e-4,NA
Tanner Conner,17,2022,1.3297872340425532e-5,NA,NA,NA,NA
Taysom Hill,16.6,2022,0.10061170212765957,0.13171724021020512,0.16037735849056603,0.031105538082545542,0.059765656362906455
Teddy Bridgewater,17.7,2022,7.978723404255319e-5,NA,NA,NA,NA
Tee Higgins,2.7,2022,0.08742021276595745,0.07628411595185625,0.0509433962264151,-0.011136096814101201,-0.03647681653954235
Terrace Marshall,17.3,2022,0.020545212765957447,0.01949482963214104,0.024528301886792454,-0.0010503831338164078,0.003983089120835007
Terry McLaurin,4.1,2022,0.09535904255319148,0.08781149347347007,0.07735849056603773,-0.007547549079721411,-0.01800055198715375
Tevin Coleman,18,2022,2.6595744680851064e-5,3.390405153415833e-4,NA,3.124447706607322e-4,NA
Tim Patrick,10.9,2022,0.02160904255319149,0.015765383963383624,0.009433962264150943,-0.005843658589807867,-0.012175080289040548
Todd Gurley,17.7,2022,3.9893617021276594e-5,NA,NA,NA,NA
Tom Brady,7.6,2022,0.04103723404255319,0.019664349889811833,0.020754716981132074,-0.021372884152741356,-0.020282517061421115
Tommy Sweeney,18,2022,3.9893617021276594e-5,NA,NA,NA,NA
Tommy Tremble,17.8,2022,0.0013031914893617022,5.085607730123749e-4,0.0018867924528301887,-7.946307163493272e-4,5.836009634684865e-4
Tony Jones,17.7,2022,1.9946808510638297e-4,NA,NA,NA,NA
Tony Pollard,7.4,2022,0.1740159574468085,0.2681810476351924,0.3264150943396226,0.0941650901883839,0.15239913689281412
Travis Etienne,3.7,2022,0.08893617021276595,0.08882861501949484,0.0830188679245283,-1.0755519327111662e-4,-0.005917302288237655
Travis Fulgham,18,2022,1.3297872340425532e-5,NA,NA,NA,NA
Travis Homer,17.6,2022,6.117021276595744e-4,5.085607730123749e-4,NA,-1.0314135464719947e-4,NA
Travis Kelce,1.5,2022,0.15210106382978725,0.24444821156128158,0.33773584905660375,0.09234714773149433,0.1856347852268165
Trayveon Williams,18,2022,1.3297872340425532e-5,1.6952025767079165e-4,NA,1.562223853303661e-4,NA
Tre Nixon,18,2022,1.3297872340425532e-5,NA,NA,NA,NA
Tre' McKitty,18,2022,2.6595744680851064e-5,1.6952025767079165e-4,NA,1.429245129899406e-4,NA
Tre'Quan Smith,18,2022,1.1968085106382978e-4,1.6952025767079165e-4,0.0018867924528301887,4.983940660696187e-5,0.001767111601766359
Trent Sherfield,18,2022,1.3297872340425532e-5,1.6952025767079165e-4,NA,1.562223853303661e-4,NA
Trent Taylor,15,2022,1.3297872340425532e-5,NA,NA,NA,NA
Trestan Ebner,17.6,2022,7.978723404255319e-4,6.780810306831666e-4,NA,-1.1979130974236528e-4,NA
Trevor Lawrence,12.2,2022,0.12644946808510638,0.1461264621122224,0.14150943396226415,0.019676994027116035,0.015059965877157772
Trey Lance,7.1,2022,0.029720744680851063,0.011357857263943042,0.005660377358490566,-0.018362887416908023,-0.0240603673223605
Trey McBride,17.5,2022,0.008803191489361702,0.006441769791490083,0.005660377358490566,-0.0023614216978716197,-0.0031428141308711367
Trey Sermon,17.2,2022,0.01764627659574468,0.018816748601457874,0.016981132075471698,0.0011704720057131926,-6.651445202729839e-4
Treylon Burks,8.4,2022,0.06511968085106383,0.05221223936260383,0.026415094339622643,-0.01290744148846,-0.03870458651144119
Tua Tagovailoa,11.5,2022,0.12860372340425533,0.1703678589591456,0.1830188679245283,0.04176413555489028,0.05441514452027296
Tutu Atwell,17.7,2022,0.0011835106382978723,8.476012883539584e-4,0.0037735849056603774,-3.359093499439139e-4,0.002590074267362505
Ty Chandler,17.6,2022,9.441489361702128e-4,0.0011866418036955415,0.0018867924528301887,2.4249286752532878e-4,9.426435166599759e-4
Ty Montgomery,17.6,2022,0.002327127659574468,0.0015256823190371248,0.0018867924528301887,-8.014453405373431e-4,-4.403352067442793e-4
Ty'Son Williams,18,2022,1.3297872340425532e-5,NA,NA,NA,NA
Tylan Wallace,17.9,2022,0.0014893617021276596,8.476012883539584e-4,0.0018867924528301887,-6.417604137737013e-4,3.9743075070252905e-4
Tyler Allgeier,13,2022,0.07686170212765958,0.06882522461434142,0.062264150943396226,-0.008036477513318166,-0.014597551184263355
Tyler Badie,17.6,2022,0.0019015957446808511,0.0011866418036955415,NA,-7.149539409853096e-4,NA
Tyler Boyd,9.6,2022,0.10756648936170213,0.11764705882352941,0.13962264150943396,0.010080569461827282,0.03205615214773183
Tyler Conklin,17.7,2022,0.012154255319148936,0.015087302932700457,0.013207547169811321,0.0029330476135515215,0.0010532918506623856
Tyler Davis,16,2022,1.3297872340425532e-5,NA,NA,NA,NA
Tyler Higbee,14.3,2022,0.07593085106382978,0.0750974741481607,0.08679245283018867,-8.33376915669079e-4,0.010861601766358892
Tyler Huntley,17.8,2022,3.9893617021276594e-4,6.780810306831666e-4,NA,2.7914486047040066e-4,NA
Tyler Johnson,17.7,2022,6.382978723404255e-4,3.390405153415833e-4,0.0018867924528301887,-2.992573569988422e-4,0.0012484945804897632
Tyler Kroft,18,2022,1.3297872340425532e-5,1.6952025767079165e-4,NA,1.562223853303661e-4,NA
Tyler Lockett,8.7,2022,0.14022606382978722,0.17748770978131886,0.2169811320754717,0.03726164595153164,0.07675506824568448
Tyquan Thornton,17.4,2022,0.014188829787234042,0.013561620613663334,0.01509433962264151,-6.272091735707083e-4,9.055098354074677e-4
Tyree Jackson,18,2022,1.3297872340425532e-5,NA,NA,NA,NA
Tyreek Hill,2.2,2022,0.178656914893617,0.2925919647397864,0.3584905660377358,0.11393504984616937,0.1798336511441188
Tyrion Davis-Price,14.7,2022,0.06142287234042553,0.049330394982200376,0.024528301886792454,-0.012092477358225155,-0.03689457045363308
Tyrod Taylor,18,2022,6.648936170212766e-5,NA,NA,NA,NA
Tyron Johnson,18,2022,5.319148936170213e-5,NA,NA,NA,NA
Van Jefferson,14,2022,0.06892287234042553,0.06051873198847262,0.04150943396226415,-0.008404140351952909,-0.027413438378161382
Velus Jones,17.6,2022,0.01695478723404255,0.018138667570774706,0.01509433962264151,0.0011838803367321543,-0.001860447611401042
Wan'Dale Robinson,14.6,2022,0.07831117021276596,0.07611459569418545,0.0509433962264151,-0.0021965745185805047,-0.02736777398635086
Will Dissly,17.8,2022,5.319148936170213e-5,NA,NA,NA,NA
William Fuller,15.9,2022,0.04747340425531915,0.035090693337853876,0.02830188679245283,-0.012382710917465276,-0.01917151746286632
ZaQuandre White,18,2022,1.3297872340425532e-5,NA,NA,NA,NA
Zach Ertz,9.7,2022,0.07597074468085106,0.06628242074927954,0.06037735849056604,-0.009688323931571527,-0.015593386190285025
Zach Pascal,17.8,2022,4.25531914893617e-4,5.085607730123749e-4,0.0018867924528301887,8.302885811875793e-5,0.0014612605379365716
Zach Wilson,15.8,2022,0.05333776595744681,0.048482793693846414,0.04339622641509434,-0.0048549722636003975,-0.009941539542352475
Zack Moss,17.3,2022,0.015904255319148936,0.013731140871334124,0.007547169811320755,-0.0021731144478148116,-0.00835708550782818
Zamir White,15.3,2022,0.05256648936170213,0.04509238854043058,0.052830188679245285,-0.007474100821271548,2.636993175431576e-4
Zay Jones,16.4,2022,0.09039893617021276,0.12290218681132395,0.12452830188679245,0.03250325064111119,0.03412936571657969
Zonovan Knight,17,2022,1.3297872340425532e-5,NA,NA,NA,NA
